id,title,content,date,source,url,category
1,현대차 전기차 판매 확대,현대차가 전기차 생산량을 늘리고 해외 시장 공략을 강화하고 있다.,2024-11-20,Naver,https://news.naver.com/test1,전기차
2,"LG에너지솔루션, 배터리 생산 투자",LG에너지솔루션이 북미 시장에 대규모 배터리 공장 투자를 발표했다.,2024-11-21,Naver,https://news.naver.com/test2,배터리
3,"삼성SDI, 원통형 배터리 수요 증가",삼성SDI의 원통형 배터리가 전기차 시장에서 빠르게 채택되고 있다.,2024-11-22,Naver,https://news.naver.com/test3,전기차
4,"최종병기, 희토류 [ER인사이드]","스마트폰의 진동 모터부터 전기차의 심장, 국가를 방어하는 최첨단 미사일까지 희토류 없이는 현대 문명의... 중희토류는 전기차 고성능 모터나 첨단 군사 무기에 필수적이다. 전기차 시대로의 전환과 함께 이들의... ",2025-11-22,Naver,https://www.econovill.com/news/articleView.html?idxno=719423,전기차
5,"“잘 사라져야 다들 좋아해”…플라스틱 재앙시대, 생수병 변신은 무죄",식품 전처리·포장솔루션 기업 테트라팩코리아는 스웨덴 프리미엄 전기차 브랜드 폴스타 코리아와 함께 종이팩 생수 ‘폴스타워터’를 선보인다고 21일 밝혔다. 양사가 선보이는 생수는 테트라팩의 종이재 포장재를... ,2025-11-22,Naver,https://n.news.naver.com/mnews/article/009/0005594503?sid=101,전기차
6,"제네시스, 고성능 ‘마그마 프로그램’ 공식 출범…650마력 자랑하는 G...","전기차의 숙제라 할 수 있는 열 관리 시스템 역시 고회전 모터의 열 부하를 최적화하도록 개선되어, 부스트 모드의 지속 시간을 연장하고 배터리 성능을 안정적으로 유지한다. 메카트로닉스 설계는 댐퍼와 사륜구동... ",2025-11-22,Naver,https://n.news.naver.com/mnews/article/011/0004558938?sid=103,전기차
7,"부산서 생산하는 스웨덴 프리미엄 전기차 폴스타…한국, 미래차 기술 협...",스웨덴의 프리미엄 전기차 브랜드가 우리나라 생산시설과 부품을 사용해 부산에서 양산에 돌입했습니다. 한국을 생산 거점을 선택한 이유를 이승민 기자가 취재했습니다. 스웨덴 전기차 브랜드 폴스타의 전시장입니다.... ,2025-11-22,Naver,https://n.news.naver.com/mnews/article/057/0001920509?sid=101,전기차
8,"제네시스, '럭셔리 고성능' 넥스트 10년 열었다…'GV60 마그마' 공개","주행 중 전기차 액티브 사운드 디자인(e-ASD+)을 활성화하면 마그마만의 주행 감성을 담은 전기 사운드를 경험할 수 있으며, 가상 변속 시스템(VGS) 기능을 더할 경우 고성능 6기통 엔진에서 영감을 받은 깊이 있는... ",2025-11-22,Naver,https://www.apnews.kr/news/articleView.html?idxno=3042747,전기차
9,"BMW그룹코리아, 소방대원 대상 '전기차 화재 대응 역량' 교육",©AP신문(AP뉴스)/이미지 제공 = BMW그룹코리아 ▲BMW그룹코리아는 지난 20일 인천 영종도 BMW 드라이빙 센터에서 인천소방대원을 대상으로 전기차 화재 대응 역량 강화를 위한 전기차 소방 교육∙훈련을 실시했다.... ,2025-11-22,Naver,https://www.apnews.kr/news/articleView.html?idxno=3042746,전기차
10,"테슬라, '도어 핸들' 안전 논란 지속…미국서 피소",미국 전기차 업체 테슬라의 전동식 도어 핸들 결함을 둘러싼 논란이 지속되고 있다. 21일(현지시간) 블룸버그통신에 따르면 제프리 데니스는 아내 웬디 데니스와 지난 2023년 1월 미국 워싱턴주에서 모델3 차량을 타고... ,2025-11-22,Naver,https://n.news.naver.com/mnews/article/293/0000075418?sid=101,전기차
11,"서구의회 경제복지위, 행정의 실질 능력 강하게 압박",오세길 위원장은 먼저 전기차 충전시설 보급률을 문제 삼았다. 설치 의무가 있는 공공시설조차 충전기가 충분히 확보되지 않았다는 점을 짚으며 &quot;공공영역이 멈추면 민간 확산은 기대할 수 없다&quot;며 탄소중립의 실질적... ,2025-11-22,Naver,https://www.ccdailynews.com/news/articleView.html?idxno=2380919,전기차
12,"한국타이어, 로토부스트와 '청록수소 카본블랙 공동 개발' MOU",적용 전기차 전용 타이어 아이온'(iON)'을 개발해 상업화하기도 했다. 앞으로도 한국타이어는 글로벌 기업과의 전략적 파트너십으로 석유 자원에 대한 의존도를 낮춰 천연자원 고갈을 방지하고 탄소 배출량을... ,2025-11-22,Naver,http://www.dtnews24.com/news/articleView.html?idxno=801875,전기차
13,"유진투자 &quot;신흥에스이씨, 미국 ESS 시장 확대 수혜 기대&quot;","미국 스타플러스 공장의 전기차 및 ESS 라인이 본격 가동되면서 미국법인의 흑자전환이 예상된다. 이를 반영한 2026년 매출액과 영업이익은 각각 5097억원, 244억원으로 추정된다. 유진투자증권은 이를 근거로... ",2025-11-22,Naver,https://www.pinpointnews.co.kr/news/articleView.html?idxno=398330,전기차
14,"“조지아서 구금됐던 한국인 노동자 50여명, 미국 재입국”",미국 에이비시(ABC)방송은 20일(현지시각) 조지아주의 현대자동차·엘지에너지솔루션 합작 전기차 배터리 공장 관계자이자 구금됐던 김아무개씨를 인용해 “15일 현재 구금됐던 엔지니어 약 50명이 미국에 다시... ,2025-11-22,Naver,https://n.news.naver.com/mnews/article/028/0002777770?sid=104,전기차
15,"제네시스, ‘럭셔리 고성능’ 비전 제시…GV60 마그마",고성능 전기차 라인업 확장에 나섰다. 제네시스는 21일(현지시간) 프랑스 르 카스텔레의 폴 리카르... 고성능 전기차다. 기본 모델 대비 낮고 넓은 비례를 갖춘 외관을 바탕으로 마그마 전용 컬러와 3홀(Three-Hole)... ,2025-11-22,Naver,https://n.news.naver.com/mnews/article/396/0000727752?sid=103,전기차
16,“볼보·벤츠·BMW 모두 쩔쩔맨다”…유럽 하이브리드차 시장까지 파고...,"신규 차량 중 7대 중 1대 BYD·체리 車 중국 자동차 업체, 전기차 관세 장벽에 기술 내세운 PHEV 모델 집중 전략 BYD 등 중국 전기차 업체들이 유럽 플러그인 하이브리드(PHEV) 차량 시장에서 점유율을 늘려가고 있다.... ",2025-11-22,Naver,https://n.news.naver.com/mnews/article/009/0005594428?sid=101,전기차
17,"FMK, 고객 접근성 강화 위해 페라리 성수 서비스센터 확장 이전","이는 SF90 스트라달레/스파이더, 296 GTB/GTS 등 PHEV 모델의 전문적인 유지보수는 물론, 향후 출시될 순수 전기차까지 완벽하게 지원하기 위한 전략적 투자다. FMK는 확장 이전을 기념하고 하이브리드 차량 오너들의... ",2025-11-22,Naver,https://www.fetv.co.kr/news/article.html?no=206135,전기차
18,NDC ‘53~61%’에 탈석탄동맹 가입… 숙제로 남은 ‘구체성’,"2035 NDC의 경우 기후부는 발표와 함께 “후속 조치로 태양광, 풍력, 전력망, 에너지 저장 체계(ESS), 전기차, 배터리, 히트펌프 등 녹색산업 육성을 위한 세부 추진과제를 담은 K-GX를 관계부처, 산업계 등과 함께 내년... ",2025-11-22,Naver,https://n.news.naver.com/mnews/article/022/0004084622?sid=102,전기차
19,"하이브리드·전기·수소차 부품 확대... SJG세종, 수익성 큰 폭 개선","또한, 수소차와 전기차 등 기타 제품 매출은 전년 대비 23.7% 증가했다. 수익성 측면에서도 긍정적 신호가... 글로벌 대부분 지역에서 안정적인 매출 성장이 지속될 것으로 예상되며, 하이브리드카, 전기차, 수소차... ",2025-11-22,Naver,https://www.pinpointnews.co.kr/news/articleView.html?idxno=398333,전기차
20,[시경Today-자동차] 기아 텔루라이드 하이브리드 첫선,"캐스퍼 일렉트릭은 앞서 '2025 세계 올해의 전기차'에 선정되며 상품성을 입증한 바 있다. 스타필드 하남서 진행된 '혼다 뉴 CR-V 하이브리드 익스피리언스 위크' 이벤트 현장. 사진=혼다 혼다코리아, CR-V 하이브리드... ",2025-11-22,Naver,https://www.meconomynews.com/news/articleView.html?idxno=123629,전기차
21,"서울경제진흥원, '국가안전경영대상'으로 공공기관 안전모델 입증",서울경제진흥원은 중대재해처벌법·산업안전보건법 기반의 안전보건 전담 조직을 중심으로 ▲안전보건경영시스템(ISO45001) 인증 유지 ▲행사 안전관리 체계 강화 ▲현장 근로자 안전아이디어 공모제 운영 ▲전기차... ,2025-11-22,Naver,https://www.newswhoplus.com/news/articleView.html?idxno=46730,전기차
22,권영수 “K배터리 ESS에 베팅해야”…테슬라·AI가 가져온 ‘골든타임’...,※하단에 있는 ‘김기혁의 테슬라월드’를 구독하시면 테슬라와 일론 머스크가 추진하는 전기차·로봇·AI... 최근 LG엔솔과 테슬라 간 협력 관계는 전기차에 이어 에너지저장장치(ESS) 분야까지 확대되고 있는데요.... ,2025-11-22,Naver,https://n.news.naver.com/mnews/article/011/0004558897?sid=101,전기차
23,"리본카, 25일까지 타임딜 프로모션 진행","리본카는 행사 기간 패밀리카로 꾸준히 인기 있는 기아 카니발, 중고차 시장의 스테디셀러 현대차 그랜저, 글로벌 시장에서 인기가 지속되고 있는 전기차 현대차 아이오닉 5 등 인기 모델을 중심으로 직영인증중고차... ",2025-11-22,Naver,https://www.econovill.com/news/articleView.html?idxno=719404,전기차
24,“미 현대차-LG엔솔 공장 구금 한국인 근로자 재입국 현장 복귀”,미국 조지아주 엘라벨 소재 현대자동차그룹 전기차 공장에서 직원들이 호송되고 있다.(사진=뉴시스) ABC방송은 21일(현지시각) 한국인 근로자 김모 씨를 인용해 조지아주에서 구금된 후 자진 귀국한 한국인 근로자 중... ,2025-11-22,Naver,http://www.newstomato.com/ReadNews.aspx?no=1282538&inflow=N,전기차
25,"기보, 지식재산공제 가입기업 '2만개사 돌파' 증정식 가져","2만 번째 가입기업인 ㈜세상을바꾸는사람들은 경기도 안양에 위치한 AI 기반 전기차 충전시스템 전문기업으로, 김진우 대표이사는 &quot;지식재산 분쟁 등 예기치 못한 경영 리스크에 대비하기 위해 가입했다&quot;며, &quot;향후... ",2025-11-22,Naver,https://www.getnews.co.kr/news/articleView.html?idxno=850267,전기차
26,"폭스콘, 오픈AI 서버 제작 계약...엔비디아와는 대만 데이터센터 구축","최근에는 AI 서버 분야뿐 아니라 로봇, 스마트팩토리, 전기차 등 미래 제조 기술 전반에서 공격적인... 또, 일본 시장 공략을 위해 신규 전기차 '모델 A(Model A)'를 공개하며 모빌리티 사업 확대에도 속도를 내고 있다.... ",2025-11-22,Naver,https://www.aitimes.com/news/articleView.html?idxno=204181,전기차
27,"김천시, 2026년도 예산안 1조 4320억 원 편성","이어, ▲김천1일반산업단지 4단계 조성사업 577억 원, ▲김천사랑상품권 발행 62.4억 원, ▲소상공인 특례보증 사업 29억 원, ▲전기차 전환 통합 안전 기술개발 40억 원 등을 편성하여 지역경제에 생기를 불어넣고, 미래... ",2025-11-22,Naver,https://www.sentv.co.kr/article/view/sentv202511220006,전기차
28,"마우저, TE 커넥티비티 75만종 부품 공급…차세대 고속 커넥터·EMC 솔루...",기존 석유 기반 부품을 대체하면서도 동일 수준의 전기 절연 및 장력완화 성능을 제공해 내연기관 및 전기차(EV) 분야 모두에서 친환경 전장부품 수요 증가에 부합한다. 고주파·고속 차량 네트워크를 구성하는... ,2025-11-22,Naver,https://www.hellot.net/news/article.html?no=107427,전기차
29,"美증시, 주말 앞두고 반등..연준 고위 간부 &quot;금리인하 여지 있어&quot;","종목별로 전기차는 테슬라가 1% 하락한 데 비해 리비안은 1.36% 상승하는 등 혼조세를 보였다. 반도체주는 엔비디아가 0.97% 하락했지만, 다른 반도체주가 대부분 반등하면서 반도체지수는 0.86% 상승, 마감했다. 미국의... ",2025-11-22,Naver,https://www.smarttoday.co.kr/news/articleView.html?idxno=96935,전기차
30,"더 빨리, 더 많이… 한국식 '밤샘' 물류 시스템은 기후 악당[초록發光]",쿠팡은 유통단계 감축을 통해 친환경 물류체계 구축하고 전기차 통합 배송센터 확대나 재사용 포장재 등을... '친환경 포장'과 '전기차 배송센터 확대'라는 홍보 문구와 달리 기후 책임의 기반인 데이터 공개와 검증... ,2025-11-22,Naver,https://n.news.naver.com/mnews/article/002/0002415590?sid=102,전기차
31,"광명시, 대한민국 지자체 홍보대상 수상...정책·행정 혁신 분야","또한 시민햇빛발전소 건립, 그린리모델링, 전기차 공유서비스, 공유자전거 '광명이' 등 생활 속 에너지 자립을 위한 사업을 지속적으로 추진하며 선도적인 탄소중립 정책을 추진한 점에서도 높은 평가를 받았다. 아울러 2050... ",2025-11-22,Naver,https://www.gukjenews.com/news/articleView.html?idxno=3435333,전기차
32,"솔리비스, 연 42t 규모 ‘고체전해질 횡성 제1공장’ 준공… K-전고체 배...","신동욱 대표는 “본격 양산을 통해 '꿈의 배터리'로 불리는 전고체전지 대중화가 크게 앞당겨질 것&quot;이라며 “전기차, AI 로봇, ESS 등 차세대 시장의 핵심 소재 기업으로 도약하겠다&quot;고 말했다. 솔리비스가 이날 문을 연... ",2025-11-22,Naver,https://www.ekn.kr/web/view.php?key=20251122023180126,전기차
33,[시승기] ‘최고의 아빠차’ 현대차 팰리세이드 하이브리드,"현대차는 신형 팰리세이드에 실내 V2L, 스테이 모드 등 기능을 추가해 전기차에서 누릴 수 있었던 편의 기술을 하이브리드차에서도 경험할 수 있게 했다. 큰 차체를 지녔음에도 고속 주행 안정감이 뛰어나... ",2025-11-22,Naver,https://www.ekn.kr/web/view.php?key=20251121025049967,전기차
34,잊을 만하면 차량 돌진⋯전통시장 위험 노출 ‘어쩌나’,현장에서 후진하는 1톤 트럭 전기차에 시장을 찾은 고객이 치일 뻔한 아찔한 상황이 연출되기도 했다. C시장은 폭이 넓은 일부 구간으로만 차가 자유롭게 지나다녔다. 이 구간을 제외하고는 양쪽과 가운데 구간까지... ,2025-11-22,Naver,https://www.jjan.kr/article/20251122500014,전기차
35,중국 &quot;반도체 EUV 생태계 구축 '중요한 성과'&quot;,"14나노 칩은 최첨단 공정은 아니지만 성능·비용·효율 면에서 여전히 경쟁력이 높아 산업 자동화, 전기차, 스마트 웨어러블 등 주요 분야의 핵심 부품으로 활용되고 있다. SCMP에 따르면 중국 안후이성 허페이의... ",2025-11-22,Naver,http://www.choicenews.co.kr/news/articleView.html?idxno=157130,전기차
36,[심층] 9달째 대구 고용률 전국 최하위···&quot;정치권의 산업 구조 전환 ...,"특히, 지역 경제의 주요 기반인 자동차 기계 부품 분야는 글로벌 전기차 시대로의 전환이라는 거대한 흐름... 정치권과 행정이 협력하여 구미 등 인근 지역과의 연계를 통해 새로운 산업 비전을 확립하고, 전기차 전환... ",2025-11-22,Naver,https://n.news.naver.com/mnews/article/657/0000045272?sid=004,전기차
37,생수를 만든 수입차 브랜드… 이유를 들어보면 납득이 된다,전기차 브랜드 폴스타가 글로벌 식품 전처리 및 포장 기술 기업 테트라팩 코리아와 손잡고 국내 자동차 업계 최초로 브랜딩이 적용된 종이팩 생수를 제작했다. 폴스타코리아는 이전까지 재사용 가능한 유리병 생수를... ,2025-11-22,Naver,https://www.wikitree.co.kr/articles/1096730,전기차
38,"테슬라, 기업 광고 붙인 슈퍼차저 첫선…머스크式 외연 확장","기업들이 슈퍼차저를 구매해 사업장 내 전기차 충전소를 마련하면 모든 유지 관리와 각종 문제 해결은 테슬라가 맡는 이원화 방식을 채택했다. 기업들은 사업장 내 전기차 운전자들을 유치할 수 있고, 테슬라... ",2025-11-22,Naver,https://n.news.naver.com/mnews/article/117/0004010983?sid=103,전기차
39,"현대차 아이오닉9, 성능·안전성·공간 ‘압도적’ [스마트 EV 대상 수상...","올해로 5회를 맞은 본 시상은 국내 전기차 산업의 성장성과 기술력을 점검하고, 소비자와 업계가 함께 만들어가는 지속 가능한 전기차 생태계를 조망하기 위해 마련됐습니다. 이번 평가에는 국내 출시된 순수 전기차... ",2025-11-22,Naver,https://www.etoday.co.kr/news/view/2528120,전기차
40,"[고래사냥] '에스비비테크,대원전선, 태성, 대웅!' 오늘 장 궁금종목 분...",원전· 전기차 수요 확대에 전선 수요 ↑- 한국전력· KT· 기아· 현대차에 전력 케이블 공급- 최대주주... 중국 전기차사와 복합동박장비 계약 논의… 매출 1조 목표- 국내 대기업과 해외 배터리사에 복합동박소재... ,2025-11-22,Naver,https://news.mtn.co.kr/news-detail/2025112209491564854,전기차
41,카카오 다이어트 &quot;문어발 오명 벗고 AI 올인&quot;,SK그룹은 전기차 캐즘(일시적 수요 정체)에 대응해 배터리 및 소재 사업의 효율화에 나섰다. SK는 최근 3개월간 실리콘 음극재 사업을 하던 얼티머스와 SK머티리얼즈그룹포틴을 정리하고 전기차 충전 사업자인 SK일렉링크... ,2025-11-22,Naver,https://www.econovill.com/news/articleView.html?idxno=719399,전기차
42,"LG 엔솔 46시리즈 배터리, 글로벌 전기차 제조사 관심 집중… 주문 지속...","세계 전기차(EV) 제조사들의 관심을 끌며 지속적으로 주문을 획득하고 있다. 대량 생산과 일관된 품질을... 이는 약 12만 대의 전기차를 구동할 수 있는 용량으로, 전통적으로 자동차 제조사들이 국내 배터리... ",2025-11-22,Naver,https://www.g-enews.com/view.php?ud=2025112209320276290c8c1c064d_1,전기차
43,뉴욕 연준 총재 &quot;금리인하 여지있다&quot;…미증시 일제 랠리,"종목별로 전기차는 테슬라가 1% 하락한 데 비해 리비안은 1.36% 상승하는 등 혼조세를 보였다. 반도체주는 엔비디아가 0.97% 하락했지만, 다른 반도체주가 대부분 랠리, 반도체지수는 0.86% 상승, 마감했다. 미국의 유명... ",2025-11-22,Naver,https://n.news.naver.com/mnews/article/469/0000898948?sid=104,전기차
44,"테트라팩 코리아, 폴스타 코리와 협업 생수 '폴스타워터' 공개",테트라팩 코리아가 스웨덴 프리미엄 전기차 브랜드 폴스타 코리아와 손잡고 국내 자동차 업계 최초로 커스텀 디자인된 종이팩 생수 '폴스타워터'를 선보인다고 밝혔다. 사진=테트라팩 코리아 이번 협업은 스웨덴을... ,2025-11-22,Naver,https://www.slist.kr/news/articleView.html?idxno=696047,전기차
45,AI로 재편되는 리스·할부금융…&quot;디지털 전환 없인 생존 어려워&quot;,경기 둔화와 고금리에도 전기차와 재생에너지 투자 확대가 시장 성장을 지지하는 가운데 금융사는 운영... 친환경 설비금융 수요가 빠르게 늘고 전기차·배터리·재생에너지 등 그린에셋(Green Asset) 중심의 자산... ,2025-11-22,Naver,https://news.mtn.co.kr/news-detail/2025112115102235973,전기차
46,"광명시, 대한민국 지자체 홍보대상 수상","또한 시민햇빛발전소 건립, 그린리모델링, 전기차 공유서비스, 공유자전거 '광명이' 등 생활 속 에너지 자립을 위한  탄소중립 정책을 추진하고, 2050 탄소중립도시 선언, 탄소중립 국제포럼 개최 등 국내외 지방정부... ",2025-11-22,Naver,http://www.joygm.com/news/articleView.html?idxno=214785,전기차
47,"'멀티 패스웨이' 뭐길래…유연함 통했다[토요타, 생존의 기술②]","전기차 수요 둔화와 미국 관세 영향으로 글로벌 완성차 업체들의 전동화 전략이 흔들리는 가운데, 일본 토요타는 안정적인 흐름을 유지하며 대조적인 모습을 보이고 있다. 전기차 올인 기업들은 재고와 실적 측면에서... ",2025-11-22,Naver,https://n.news.naver.com/mnews/article/003/0013615265?sid=101,전기차
48,"삼성전자, 전영현·노태문 '투톱 체제' 복귀 外[금주의 산업계 이슈]","초기 전기차, 타이어 교체 주기…한국타이어 큰 장 노린다 내년부터 전기차 초기 보급 차량이 본격적인 타이어 교체 사이클에 진입한다. 이에 따라 글로벌 타이어 수요도 빠르게 바뀔 전망이다. 타이어 교체 주기가... ",2025-11-22,Naver,https://n.news.naver.com/mnews/article/003/0013615261?sid=101,전기차
49,"코드비전, 중기부 주관 ‘중소기업 AI 전환 우수사례 공모전’서 우수상...","이번 수상은 도입기업인 신흥기공(대표 나기원, 윤석재)과 컨소시엄을 구성해 전기차 핵심 부품 제조 공정에 특화된 비전 AI 솔루션을 성공적으로 안착시킨 결과다. 양사가 구축한 시스템은 전기차용 알루미늄... ",2025-11-22,Naver,https://n.news.naver.com/mnews/article/215/0001231878?sid=101,전기차
50,[창간 32주년 기획특집] 당진 성장동력 10대 기업,"HDC현대EP의 핵심제품은 복합 PP(폴리프로필렌), PPS, ABS 등 엔지니어링 플라스틱이다.현대자동차, 기아, LG전자 등 국내외 대기업에 공급하며, 특히 전기차 경량화용 소재와 리사이클링 수지 제품을 중점 개발 중이다.... ",2025-11-22,Naver,http://www.djtimes.co.kr/news/articleView.html?idxno=110142,전기차
51,車관세 15% 인하에 불확실성 해소…내년 대미 수출 반등할까,"전기차 수출이 주춤하는 모습을 보였지만 하이브리드(25.4%), 플러그인 하이브리드(12.2%) 수출이 큰 폭으로... 우리나라는 전기차 부문이 앞서고 있다. 글로벌 자동차 산업이 전기차로 전환되는 흐름이기 때문에 우리... ",2025-11-22,Naver,https://n.news.naver.com/mnews/article/003/0013615263?sid=101,전기차
52,"SK온, ‘캐즘한파’ 속 가동률 ‘나 홀로 상승’…해외 생산라인 구조개...",전기차 수요 둔화로 가동률이 크게 떨어진 상황 속에서 배터리 업계는 사업 효율성과 재무 건전성을... 배터리 업계에서는 주요 고객사의 재고 조정 등으로 떨어진 가동률을 높이기 위해 전기차용 라인을 ESS용... ,2025-11-22,Naver,https://www.ceoscoredaily.com/page/view/2025112114502041513,전기차
53,"북미 ‘절대강자’… 기아 3열 SUV 텔루라이드, 하이브리드 출시","텔루라이드 외에도 스포티지, 쏘렌토, 카니발, EV9 등 북미 판매 주력 모델 23대를 전시했다. 특히 FoD(Feature on Demand) 기반의 디지털 기능과 전기차 V2H 기술 등을 공개하며 ‘전동화 이후의 카라이프’를 강조했다.",2025-11-22,Naver,https://wemakenews.co.kr/news/view.php?no=23792,전기차
54,"&quot;미래 XRT 비전 담았다&quot;…현대차, 콘셉트카 '크레이터' 세계 최초 공개","아이오닉 6 N은 고성능 사륜구동 시스템과 84kWh의 고출력 배터리를 바탕으로 합산 최고 출력 448㎾(601마력)... 고성능 전기차&quot;라며 &quot;N 브랜드의 3대 철학인 '코너링 악동', '레이스트랙 주행능력', '일상의 스포츠카'를... ",2025-11-22,Naver,https://www.thepublic.kr/news/articleView.html?idxno=284475,배터리
55,배터리 침체 속 'AI소재 이동' 본격화 나선 화학업계,SNE리서치에 따르면 올해 1~8월 한국 배터리 3사(LG에너지솔루션·SK온·삼성SDI)의 글로벌 전기차용 배터리 사용량 점유율은 전년 동기 대비 3.8%포인트 떨어진 16.8%였다. 반면 1~9월 누적 반도체 수출액은 1197억 달러로... ,2025-11-22,Naver,https://n.news.naver.com/mnews/article/008/0005281697?sid=101,배터리
56,캐즘에도 R&amp;D 늘린 배터리 3사···CATL에는 못 미쳐,"중국에서 고급 전기차 수요가 커지면서 CATL의 NCM 배터리도 덩달아 판매량이 늘고 있는 것이다. SNE리서치 관계자는 &quot;한국이 향후 경쟁력을 유지하기 위해서는 핵심소재 내재화, 지역별 차별화, 정책 일관성... ",2025-11-22,Naver,https://www.sisajournal-e.com/news/articleView.html?idxno=417210,배터리
57,"배터리로 흔들린 테슬라, FSD로 韓 시장 승부수 [테슬라 자율주행 오나...","BMS는 전기차 배터리의 ▲충·방전 ▲온도 ▲셀 간 전압 밸런스를 실시간으로 제어하는 핵심 장치로, 오류가 발생하면 배터리 손상을 방지하기 위해 최대 충전 용량을 제한하는 ‘보호 모드’가 작동한다. 국내 테슬라... ",2025-11-22,Naver,https://n.news.naver.com/mnews/article/243/0000088431?sid=103,배터리
58,휴머노이드-완전자율주행 시대…AI가 배터리 '판' 키운다,"이 경우 캐즘(Chasm, 일시적 수요둔화)에 시달려온 전기차·배터리 업계가 반등하는 계기가 마련될 수 있다. 완전자율주행 시대는 점점 현실로 다가오고 있다는 평가다. 미국 샌프란시스코, 오스틴, 로스앤젤레스... ",2025-11-22,Naver,https://n.news.naver.com/mnews/article/008/0005281685?sid=101,배터리
59,삼성SDI의 수성? LG엔솔의 반격?… 1조 규모 ESS 중앙계약 2차전 승자는,SK온은 충남 서산에 있는 전기차용 배터리 공장에서 ESS용 LFP 파우치 배터리에 대한 양산성 검증을 진행했다. 국내에서 ESS용 LFP 배터리를 생산하기 위한 기반 작업을 한 것이다. 1차 입찰 때와 달리 비가격 평가... ,2025-11-22,Naver,https://n.news.naver.com/mnews/article/366/0001125080?sid=101,배터리
60,"BYD코리아, 소형 전기차 '돌핀' 신규 인증. 기존 액티브와 차이점은?","9kWh 블레이드 배터리가 탑재됐다. 이를 통해 상온 복합 기준 307km(도심 336km, 고속 272km), 저온 복합... 앞서 지난 10월 인증받은 돌핀 액티브의 경우, 204마력으로 더욱 강력한 성능을 발휘하며, 배터리 역시... ",2025-11-22,Naver,https://www.autodaily.co.kr/news/articleView.html?idxno=539162,배터리
61,[1년전 오늘] 아이오닉9 세계 최초 공개,"아이오닉9은 현대차의 전기차 브랜드 아이오닉의 세 번째 모델이다. 대형 SUV로 브랜드 라인업을... 3킬로와트시(kWh) 배터리를 탑재해 1회 충전 시 후륜구동 기준 최장 532㎞까지 달린다. 최고 출력 160㎾, 최대... ",2025-11-22,Naver,https://www.jeonmae.co.kr/news/articleView.html?idxno=1204647,배터리
62,"美 기다리던 '올 뉴 텔루라이드' 나왔다…기아, LA 오토쇼서 공개","이 외에도 기아 커넥트 스토어를 통해 운전자 취향에 따라 적용할 수 있는 디즈니·마블 캐릭터 디스플레이 스킨 등 FoD(Feature on Demand) 서비스에 대해서 체험해 볼 수 있는 전시존, 전용 전기차 EV9의 배터리 전력을... ",2025-11-22,Naver,https://www.apnews.kr/news/articleView.html?idxno=3042729,배터리
63,"완성차 존재감 축소된 CES... 독3사 중 BMW만 참가 확정, 현대차는 로보...","현재는 SDV와 전기차가 더 이상 미래 기술이 아니게 되면서 제조사들이 새롭게 선보일만한 신기술이... LG에너지솔루션의 배터리 수명 관리 솔루션인 'BETTER.RE', 채비의 메가와트 충전 플랫폼 'MCS' 등이 혁신상 수상... ",2025-11-22,Naver,https://www.greened.kr/news/articleView.html?idxno=333433,배터리
64,"폴스타 CEO &quot;부산공장, 굉장히 중요한 전략적 거점&quot;","폴스타 주요 차량에 한국산 배터리가 대거 탑재되고 있다는 점에서 이번 방한은 글로벌 공급망 안정화와... 로쉘러 CEO는 &quot;폴스타의 중장기 전략을 '프리미엄 EV 브랜드'로 규정했다&quot;며, &quot;가격 경쟁이 치열한 전기차... ",2025-11-22,Naver,http://digitalchosun.dizzo.com/site/data/html_dir/2025/11/21/2025112180196.html,배터리
65,이차전지주 4분기부터 실적 '와르르'…&quot;이제 담지 마세요&quot; [부꾸미],이러한 부정적인 전망은 최근 GM(제너럴모터스)의 대규모 인력 감축과 포드(Ford)의 BEV(배터리 전기차) 시장 둔화 코멘트 등에서 그대로 나타나고 있습니다. 지난달 말 GM 본사는 전기차 보급 속도 둔화를 이유로 내년... ,2025-11-22,Naver,https://n.news.naver.com/mnews/article/008/0005281667?sid=101,배터리
66,&quot;'조지아 사태' 한국인 노동자 약 50명 미국 재입국&quot; 美언론,ABC는 21일(현지 시간) 조지아주의 현대자동차·LG에너지솔루션 합작 전기차 배터리 공장 관계자 김모씨를 인용해 &quot;11월15일 현재 구금됐던 엔지니어 약 50명이 미국에 다시 들어왔다&quot;고 보도했다. 또 9월 구금 사태 당시... ,2025-11-22,Naver,https://n.news.naver.com/mnews/article/003/0013615142?sid=104,배터리
67,"중국 전기차 업체, 충전 속도 놓고 치열한 '각축전'","중국 자동차 업계는 다른 나라가 전혀 쫒아올 수 없는 속도로 전기차와 배터리 기술을 개발하고 있지만, 실제로 이런 인프라가 완성되기까지는 시간이 걸릴 것으로 보는 전망도 있다. BYD는 현재 4000개 이상의... ",2025-11-22,Naver,http://www.rpm9.com/news/article.html?id=20251122090002,배터리
68,"집 안 충전은 ‘시한폭탄’, 바깥도 마땅찮아… 7만 이용자의 딜레마",전기차의 경우 차체 깊숙이 배터리가 있지만 배터리 교환형 이륜차는 직접 배터리를 꺼내 교환해야 하므로 젖기 쉬운 구조다. 이덕환 서강대 화학과 명예교수는 “BSS는 우천 시 안전 문제로 쓰기 어렵다”며 “설치를... ,2025-11-22,Naver,https://n.news.naver.com/mnews/article/020/0003676347?sid=102,배터리
69,"로봇·산업용·협동로봇 관련주, '함박웃음' 에스비비테크·한국피아이...","현재는 전기차·자율주행차 확산 흐름에 맞춰 배터리 케이스, 전장 제어 모듈 하우징, 전동화 시스템용 부품 등으로 사업 영역을 확장 중이다. 글로벌 모빌리티 산업이 전기·자율주행·커넥티드카라는 새로운 국면을... ",2025-11-22,Naver,http://www.finomy.com/news/articleView.html?idxno=243558,배터리
70,"中 동풍차, '주행거리 1000km' 전고체배터리 내년 9월 양산",2025년 1월에는 1세대 전고체 배터리를 탑재한 전기차 '둥펑 E70'를 공식 출시했다. E70의 배터리 에너지 밀도 157Wh/kg를 갖췄으며 1회 완충시 약 400km 주행이 가능하다. E70은 중국 정부로부터 신에너지 자동차... ,2025-11-22,Naver,https://www.theguru.co.kr/news/article.html?no=94723,배터리
71,[시승기] &quot;귀여운데 재밌기까지&quot;…일렉트릭 미니 쿠퍼 타보니,"지난 17~19일 서울 시내와 경기 고양 일대를 시승해 본 결과, 전기차 특유의 즉각적인 반응과 미니의 조작... 차체 하부에는 54.2kWh 배터리가 탑재돼 WLTP 기준 400km, 국내 기준 300km의 1회 충전 주행거리를 확보했다. 급속충전... ",2025-11-22,Naver,https://n.news.naver.com/mnews/article/629/0000446257?sid=103,배터리
72,"샤오펑(Xpeng), 1602㎞ 주행 성능 갖춘 'X9 슈퍼레인지' 선보여",중국 전기차 업체 샤오펑(Xpeng)이 7인승 레인지 익스텐더 전기차 'X9 슈퍼 익스텐디드 레인지'를 2025... 이 차의 가장 큰 특징은 전통적인 '소(小) 배터리 +대(大) 연료 탱크 조합'을 버리고 '대형 연료 탱크+대용량... ,2025-11-21,Naver,http://www.rpm9.com/news/article.html?id=20251121090010,배터리
73,"달러는 해외로, 고물가는 국내로… 고환율의 역설이 시작됐다",LG에너지솔루션은 미국 오하이오·테네시 등 배터리 공장에 수조 원을 투입하며 현지 법인 수익을 그대로... 현대차·기아는 미국 조지아 전기차 공장(7조 원 규모)에 북미 판매 수익을 재투자하는 구조를 강화하고 있다.... ,2025-11-21,Naver,http://www.newslock.co.kr/news/articleView.html?idxno=119918,배터리
74,"“테무산 레인지로버” 비싸보이는데 ‘반값’…인기 폭발한 차량, 뭐길...","소비자 관심도 크게 늘어 10월 한 달간 ‘재쿠 전기차’, ‘재쿠 8 UK’ 검색량은 5000% 이상 증가한 것으로... 아울러 재쿠7은 1.5리터 가솔린 엔진과 18.7kWh 배터리를 결합한 플러그인 하이브리드 시스템을 갖춰... ",2025-11-21,Naver,https://n.news.naver.com/mnews/article/016/0002561408?sid=103,배터리
75,[LS 미래 다지기] ②新미래성장동력 '배·전·반' 낙점…사업 포트폴리...,LS그룹이 신성장동력으로 점찍은 건 '배터리·전기차·반도체' 집중 사업이다. 늘어나는 AI(데이터센터AIDC) 등으로 전기·전력 에너지가 필요한 시대에 해당 인프라 사업을 기존 주력 산업으로 강화하는 동시에... ,2025-11-21,Naver,https://www.kfenews.co.kr/news/articleView.html?idxno=649571,배터리
76,최근 논란 중인 스마트제어 충전기의 거짓과 진실,여기서 '과충전'은 전기차 배터리에 100% 이상을 충전한다는 뜻이 아니라 충전이 완전히 된 이후에도 계속하여 전기에너지를 배터리에 지속적으로 가하면서 배터리셀 불량 등이 초래된다고 판단된다. 물론 배터리셀 불량은... ,2025-11-21,Naver,https://www.gokorea.kr/news/articleView.html?idxno=847438,배터리
77,"현대모비스, '테크 브릿지 2025' 개최…도심형 소형 전기차 특화 구동장...","전시회에서 현대모비스는 배터리와 구동 부품 등 전동화 분야에서 28개, 섀시모듈과 운전석(칵핏)·실내... 현대모비스에 따르면 올해 전동화 부문의 우수 연구개발 사례로는 도심형 소형 전기차에 특화된 120... ",2025-11-21,Naver,http://www.econonews.co.kr/news/articleView.html?idxno=414852,배터리
78,"다재다능하고 안전한 패밀리 카...기아 EV5, 패밀리 SUV 고민 끝 [CAR톡]","EV5는 기아의 전기차 전용 플랫폼 ‘E-GMP’를 기반으로 삼은 전기차다. 정통 SUV 보디타입을 적용해 공간... EV5, 안전성과 편의성 높여 패밀리카 수요 겨냥 EV5는 81.4kWh 니켈·코발트·망간(NCM) 배터리, 160kW급 전륜... ",2025-11-21,Naver,https://n.news.naver.com/mnews/article/024/0000101498?sid=102,배터리
79,배터리 사용 농기계 급증.. 안전성 검증은?,◀앵커▶ 전기차에 이어 이젠 농기계도 배터리를 탑재한 제품이 늘면서 화재나 폭발 등 안전사고에 대한 걱정도 커지고 있습니다. 이런 가운데 배터리 농기계의 안전성을 검증할 시험 시설이 국내 최초로 익산에 들어서... ,2025-11-21,Naver,https://n.news.naver.com/mnews/article/659/0000038810?sid=102,배터리
80,기회의 땅으로 '진화'하는 기술 혁신,"전기차는 이제 단순한 교통수단을 넘어 인류의 '새로운 생활공간'으로 진화하고 있다. 조용하고 넓은 내부, 그리고 배터리를 기반으로 한 안정적 전력 공급은 자동차를 더 이상 이동을 위한 기계로만 머물게 하지 않는다.... ",2025-11-21,Naver,https://www.ilyoseoul.co.kr/news/articleView.html?idxno=509719,배터리
81,"현대차, 콤팩트 오프로드 콘셉트카 '크레이터' 공개",아이오닉 6 N은 고성능 사륜구동 시스템과 84.0kWh 고출력 배터리를 탑재해 합산 최고 출력 448kW(601마력)를... 고성능 전기차&quot;라며 &quot;N 브랜드의 전동화 비전을 한층 더 확장한 모델&quot;이라고 설명했다. 아이오닉 6 N은 내년... ,2025-11-21,Naver,https://www.pointdaily.co.kr/news/articleView.html?idxno=281353,배터리
82,대구 6개월 만에 수출 하락세 전환.. 경북은 6개월 연속 감소세,"대구는 추석 연휴로 인한 조업 일수 감소와 관세 영향으로 인한 대미 수출 감소, 경북은 2차전지 소재와 철강, 무선 통신 등 주력 품목 수출이 하락했기 때문으로 풀이됩니다.",2025-11-22,Naver,https://www.tbc.co.kr/news/view?pno=20251121153308AE02730&id=201009,2차전지
83,"군산시의회 경제건설위원회, 교통항만수산국(3개과)·새만금정책담당관...","군산시의회 경제건설위원회 군산시의회 경제건설위원회(위원장 지해춘)는 지난 20일 군산시의회 제279회 제2차... 이어, 이차전지 폐수 방류구 관련 환경단체에서 이차전지 폐수에 중금속이 있다고 주장하고 있는 상황으로... ",2025-11-22,Naver,https://www.gukjenews.com/news/articleView.html?idxno=3435449,2차전지
84,&quot;지금 아니면 죽는다&quot; 위기의 여수 생사 갈림길,"세계적인 브랜드와 지역 매력이 조화될 때 여수가 진짜 관광도시로 자리잡을 수 있습니다&quot; ▶순천·광양·고흥과 다른 길… 소부장·블루이코노미가 대안 산업 측면에서는 순천의 생태 문화, 광양의 철강·2차전지 산업... ",2025-11-22,Naver,https://www.newsfreezone.co.kr/news/articleView.html?idxno=659295,2차전지
85,"&quot;11월 증시 롤러코스터&quot;…개인 계좌 60% 손실, 평균 940만원",일부 대형 기술·2차전지 종목이 급락하며 손실이 집중된 반면 반도체·원자력 관련주는 투자자 계좌 방어에 기여한 것으로 분석된다. 국내 한 대형 증권사가 11월 1·2주차 개인 투자자 계좌 240만 개를 자체 분석한... ,2025-11-22,Naver,https://www.newscj.com/news/articleView.html?idxno=3343103,2차전지
86,"충북테크노파크, 지역 산업 생태계 활성화 첨단 산업 인프라 구축",충북의 2차전지·반도체·모빌리티 산업 생태계 수준을 높이는 핵심 기반이 될 전망이다. 올해 12월 개소식을 진행할 공정혁신시뮬레이션센터는 충북 반도체... ,2025-11-22,Naver,http://www.breaknews.com/1163498,2차전지
87,'롤코 장세' 개미들 비명 터졌다…10명 중 6명은 '손실',"코스피가 한때 4000선을 돌파했다가 급락하는 등 ‘롤러코스터 장세’가 이어지는 가운데, 2차전지와 카카오 등 일부 주요 종목이 수익 악화의 중심에 섰고, 반도체·원자력주는 사실상 ‘안전판’ 역할을 한... ",2025-11-22,Naver,https://n.news.naver.com/mnews/article/243/0000088440?sid=101,2차전지
88,"참그래핀, 그래핀 생산부터 생산 장비 개발까지 원스톱으로 처리","최근 그래핀 시장의 동향에 대해 최 실장은 “원재료나 공정에 따라 그래핀의 형태가 필름 타입의 CVD나 파우더, 솔루션 타입으로 생성되는데, 플레이크 재료의 경우 2차전지의 음극재 시장에서 가능성이 높다”고 말한... ",2025-11-22,Naver,https://kidd.co.kr/news/244029,2차전지
89,“동부산권을 글로벌 융합도시로… 이승우 부산시의원 ‘100만평 첨단산...,이차전지·반도체·바이오 클러스터 구축 좌광천 국가정원·관광·산업 융합도시 비전 제시 부산 동부산권이... 이승우 의원은 지난 21일 열린 제332회 정례회 제2차 본회의 5분 자유발언에서 “최근 동부산권은 중입자가속기... ,2025-11-22,Naver,https://n.news.naver.com/mnews/article/382/0001237457?sid=102,2차전지
90,흉기 든 강도에 상해 입힌 나나 모녀…“정당방위 인정”,"심각한 2차 피해를 야기할 수 있으니 자제 부탁드린다”고 당부한 바 있다. 나나는 2009년 애프터스쿨의 싱글... 이후 배우로도 스펙트럼을 확장해 넷플릭스 시리즈 ‘마스크걸’, 영화 ‘전지적 독자 시점’ 등에 출연하며... ",2025-11-22,Naver,https://m.entertain.naver.com/article/009/0005594346,2차전지
91,패키지기판 비중 50% 확대…삼성전기 4분기 실적 개선 가속,2차전지(전고체) 관련주 롯데에너지머티리얼즈 유일에너테크 티에스아이 이브이첨단소재 동화기업 천보 SK아이이테크놀로지 씨아이에스 레몬  원준 한농화성 이수스페셜케미컬 SK이노베이션 레이크머티리얼즈... ,2025-11-22,Naver,https://www.pinpointnews.co.kr/news/articleView.html?idxno=398364,2차전지
92,"출퇴근 가까운 아파트에 청약 몰렸다…직주근접 단지, 연내 줄줄이 분양",인근에는 내포도시첨단산업단지와 미래자동차·수소·2차전지 중심의 국가산업단지가 2030년 완공을 목표로 추진 중이다. 업계 관계자는 “직주근접은 주거 선택의 핵심 기준으로 자리 잡았다”며 “특히 워라밸을... ,2025-11-22,Naver,https://www.etoday.co.kr/news/view/2528154,2차전지
93,&quot;AI 역량 강화&quot;···연일 쏟아지는 재계 리더들의 메시지,장 회장은 특히 &quot;철강과 2차전지 소재 사업에서의 자원 확보는 아무리 강조해도 지나치지 않다&quot;며 &quot;전 직원의 AI 활용 역량을 강화해 모든 현장에서 AI 중심의 디지털 혁신을 이뤄내자&quot;고 덧붙였다. 재계 리더들의 잇따른... ,2025-11-22,Naver,https://www.sisajournal-e.com/news/articleView.html?idxno=417201,2차전지
94,지역 맞춤형 '지산학' 캠퍼스...청년 유입·일자리 창출,"고흥에는 그린 스마트팜과 우주항공 캠퍼스가 들어섰고, 광양에서는 2차 전지 등 첨단 소재 산업을 활용합니다. 글로컬 대학에서 자치단체, 지역 특화 산업체와 맞춤형으로 추진하는 '지산학 캠퍼스'입니다. [주지영... ",2025-11-22,Naver,https://n.news.naver.com/mnews/article/052/0002276701?sid=102,2차전지
95,“IMF보다 힘든 시기 보내… 전기차 전환 안간힘”,"최근엔 새만금 산업단지에 2차 전지 기업을 잇따라 유치하며 전환을 노리고 있다. -위기를 어떻게 극복했나. “정말 힘든 시기였다. 협력 업체를 포함해 3000명이 일자리를 잃었고, 군산 시민 4분의 1이 경제적 타격을... ",2025-11-22,Naver,https://n.news.naver.com/mnews/article/023/0003942553?sid=102,2차전지
96,"라오스, 전략 광물 공급국 도약 목표…국가 성장 견인","이는 반도체, 2차전지, 알루미늄 산업의 핵심 원료로 전략적 중요성을 더욱 높이고 있다. 코트라는 &quot;중국의 희토류 수출 제한 이후 글로벌 공급망 재편 과정에서 라오스가 새로운 광물 공급처로 부상하고 있음을... ",2025-11-22,Naver,https://www.theguru.co.kr/news/article.html?no=94642,2차전지
97,"전북창조센터 투자기업 알트에코, 팁스 R&amp;D 최종 선정…2년간 최대 7억 ...",곽금옥 알트에코 대표는 &quot;팁스 선정은 당사의 기술 경쟁력을 인정받은 결과&quot;라며 &quot;친환경·고효율 금속 추출 기술을 발판으로 글로벌 2차전지 리사이클링 시장에서 경쟁력을 확보하고 전북을 대표하는 기업으로... ,2025-11-21,Naver,http://www.jeonmin.co.kr/news/articleView.html?idxno=429006,2차전지
98,"이상표 공주시의원, '공주시청 씨름팀' 재창단 촉구","공주시의회는 지난 20일 이상표 의원이 제262회 제2차 정례회 제1차 본회의에서 '공주시청 씨름팀, 17년의... 대회출전비·전지훈련비·훈련용품 구입비와 같은 '운영비'는 물론 2019년 봉황중 씨름장 신축에 약 2억 9천만원... ",2025-11-21,Naver,http://www.newstnt.com/news/articleView.html?idxno=557558,2차전지
99,코스피 전인미답 고지 이끌 조건 5 [‘5천피’ 가려면 ‘뒷바람’ 불어...,천스닥 고지 앞 주춤하지만 “내년 1500 전망도…바이오·2차전지 살아난다” 코스닥은 올해 코스피 대비 부진했다. 연초부터 11월 12일까지 코스피가 73% 오르는 동안 코스닥은 34% 상승에 그쳤다. 전 세계 인공지능(AI)... ,2025-11-21,Naver,https://n.news.naver.com/mnews/article/024/0000101501?sid=101,2차전지
100,[주식마감기사] '검은 금요일'... 특별한 공시 없이 SG세계물산·참엔지...,"사진= 연합뉴스 한편 이날 코스피 시장 거래 상위종목 30위는 KODEX 200선물인버스2X, KODEX 인버스, 삼성 인버스 2X WTI원유 선물 ETN, KODEX 2차전지산업레버리지, SG세계물산, KODEX 레버리지, KODEX 코스닥150레버리지... ",2025-11-21,Naver,https://www.ggilbo.com/news/articleView.html?idxno=1125687,2차전지
101,대전교육청 지·산·학 손잡고 협약형 특성화고 육성 본격화,"또한 교육발전특구를 활용한 대전형 협약형 특성화고 4교(대전도시과학고-2차전지, 대전대성여자고-의료서비스, 대전여자상업고-비지니스 인텔리전스, 유성생명과학고-바이오)를 자체 선정해 지역 맞춤형 직업교육... ",2025-11-21,Naver,https://daily.hankooki.com/news/articleView.html?idxno=1299396,2차전지
102,"서울전자통신, 아이티엠반도체 주식 100만주 양도 결정","발행회사회사명(주)아이티엠반도체국적대한민국대표자나혁휘자본금(원)11,572,700,000회사와 관계계열회사발행주식총수(주)22,682,934주요사업2차전지보호회로 사업2. 양도내역양도주식수(주)1,000,000양도금액... ",2025-11-21,Naver,https://www.digitaltoday.co.kr/news/articleView.html?idxno=606887,2차전지
103,"송인헌 괴산군수, 2026년 군정 4대 중점 추진 방향 밝혀","송인헌 군수가 괴산군의회 2차 정례회서 시정연설 하는 모습.(제공=괴산군청) 송인헌 충북 괴산군수가 21일... 체육대회, 전지훈련 유치로 27억원 경제적 효과 창출 등의 많은 성과를 거뒀다&quot;고 말했다. 이어 &quot;2026년은... ",2025-11-21,Naver,https://www.gukjenews.com/news/articleView.html?idxno=3434617,2차전지
104,"자동차부품 관련주, '봄바람 살랑' 한국피아이엠·한라캐스트·삼현... ...","특히 고체산화물연료전지(SOFC), 전력반도체 모듈 부품, 석유화학 산업용 세라믹 부품 등 차세대 기술... 자동차용 조명장치 완제품을 납품하는 1차 벤더에 LED모듈을 제조·공급하는 2차 벤더로서, 고객사와의 협력관계... ",2025-11-21,Naver,http://www.finomy.com/news/articleView.html?idxno=243562,2차전지
105,"의료AI 관련주, '웃음꽃 만개' 파로스아이바이오·로킷헬스케어... '시들...","mRNA 백신 생산 효소 사업은 독일과 위탁개발을 진행하고 있으며, 2차전지 및 전기이륜차 사업을 추진하고 있다. 뉴로핏은 2016년 광주과학기술원(GIST)에서 빈준길·김동현 공동대표가 설립한 AI 헬스케어 기업으로, 뇌... ",2025-11-21,Naver,http://www.finomy.com/news/articleView.html?idxno=243559,2차전지
106,"대전교육청·지·산·학, 협약형 특성화고 육성 본격화","또한, 교육발전특구를 활용한 대전형 협약형 특성화고 4교(대전도시과학고-2차전지, 대전대성여자고-의료서비스, 대전여자상업고-비지니스 인텔리전스, 유성생명과학고-바이오)를 자체 선정해 지역 맞춤형 직업교육... ",2025-11-21,Naver,https://www.straightnews.co.kr/news/articleView.html?idxno=287269,2차전지
107,"LS그룹, 상생기반 협력사 생태계 구축 &quot;전략적 파트너십으로 동반성장&quot;","이러한 시스템은 지역 환경의 보호에도 기여해, 창의적 아이디어를 통해 고객사와 공급사, 지역이 상생하는 모델로 평가받는다.2차전지 소재사업 추진을 통해서도 새로운 상생을 준비 중이다. 2029년까지 1조 8000억원... ",2025-11-21,Naver,https://news.mtn.co.kr/news-detail/2025112014144080057,2차전지
108,"산업부, 산업발전협의회 개최...“희소금속 공급망 강화”","이차전지, 항공우주 등 첨단산업에 필요한 희소금속 공급망 강화를 위해 국내 기업들이 협력을 강화한다. 산업통상부는 20일 서울 용산 피스앤파크에서 '제2차 희소금속 산업발전협의회'를 열고 희소금속 공급망 안정화... ",2025-11-21,Naver,https://www.hellot.net/news/article.html?no=107418,2차전지
109,&quot;우리 지역 인재는 우리가 키운다&quot;…대전 맞춤형 특성화고 육성,"또, 대전도시과학고(2차전지), 대전대성여자고(의료서비스), 대전여자상업고(비지니스 인텔리전스), 유성생명과학고(바이오) 등 교육발전특구를 활용한 대전형 협약형 특성화고 4곳도 자체 선정했다. 대전시교육청... ",2025-11-21,Naver,https://n.news.naver.com/mnews/article/079/0004088559?sid=102,2차전지
110,"92개 대기업, 석달새 69개 소속사 계열 제외","LG는 전기차 충전기 관련 하이비차저를, 포스코는 2차전지 관련 포스코씨앤지알니켈솔루션을 청산했다. 다만 기존 사업 확장이나 신사업 추진을 위한 계열 편입도 적지 않았다고 공정위는 봤다. CJ는 콘텐츠 사업... ",2025-11-21,Naver,http://www.srtimes.kr/news/articleView.html?idxno=190453,2차전지
111,"코스피, 외국인 3조 원 '폭탄 매물'에 3.8%↓…3850대로 밀렸다","시총 상위주 중에서는 알테오젠(-2.87%), 에코프로비엠(-4.82%), 에코프로(-5.17%) 등 바이오와 2차전지 관련주들이 약세를 보였다. 반면 코오롱티슈진(11.49%)은 급등했고 에이비엘바이오(0.85%) 등 일부 바이오 종목은... ",2025-11-21,Naver,http://www.iminju.net/news/articleView.html?idxno=149152,2차전지
112,"대전시교육청, 지·산·학 손잡고 협약형 특성화고 육성 '본격화'","또한, 교육발전특구를 활용한 대전형 협약형 특성화고 4교(대전도시과학고-2차전지, 대전대성여자고-의료서비스, 대전여자상업고-비지니스 인텔리전스, 유성생명과학고-바이오)를 자체 선정해 지역 맞춤형 직업교육... ",2025-11-21,Naver,https://n.news.naver.com/mnews/article/629/0000446235?sid=102,2차전지
113,"이승우 부산시의원, 동부산권 100만 평 첨단산업기지 조성 공식 제안",부산시의회 이승우 의원(국민의힘·기장군2)은 21일 제332회 정례회 제2차 본회의 5분 자유발언에서 동부산권... 이차전지·전력반도체·항노화 바이오 등 미래산업 기업을 집적시킬 물리적 공간 확보 필요성을 역설했다.... ,2025-11-21,Naver,https://daily.hankooki.com/news/articleView.html?idxno=1299700,2차전지
114,대전교육청 지·산·학 손잡고 협약형 특성화고 육성 본격화,"또한, 교육발전특구를 활용한 대전형 협약형 특성화고 4교(대전도시과학고-2차전지, 대전대성여자고-의료서비스, 대전여자상업고-비지니스 인텔리전스, 유성생명과학고-바이오)를 자체 선정하여 지역 맞춤형 직업교육... ",2025-11-21,Naver,http://www.ccnnews.co.kr/news/articleView.html?idxno=392515,2차전지
115,"대전교육청, 지·산·학 손잡고 '협약형 특성화고' 육성 본격화","또한 교육발전특구를 활용한 대전형 협약형 특성화고 4교(대전도시과학고-2차전지, 대전대성여자고-의료서비스, 대전여자상업고-비지니스 인텔리전스, 유성생명과학고-바이오)를 자체 선정해 지역 맞춤형 직업교육... ",2025-11-21,Naver,http://www.chungnamilbo.co.kr/news/articleView.html?idxno=860183,2차전지
116,"코스피 3.79% 급락 3,850선 후퇴…외국인 2조8천억원대 순매도","주요 종목별로는 2차전지 관련주와 성장주 위주로 약세가 두드러졌다. '에코프로비엠'은 4.82% 하락했고, '에코프로'도 5.17% 떨어졌다. '알테오젠'(-2.87%), '펩트론'(-4.40%), '레인보우로보틱스'(-6.52%) 등도 약세를... ",2025-11-21,Naver,https://www.topstarnews.net/news/articleView.html?idxno=15882215,2차전지
117,창업 기업의 성공 나침반… 구미시 ‘스타트업 브릿지 데이’ 개최,"2호 투자기업으로 선정된 ㈜오르타머티리얼즈는 2023년 4월 설립된 비철금속 종합 리사이클링 전문 기업으로, 2차전지 핵심 소재인 니켈·코발트 분야에서 독보적인 기술력을 보유하고 있다. 에코프로머티리얼즈와... ",2025-11-21,Naver,https://www.asiatoday.co.kr/view.php?key=20251121010011325,2차전지
118,[오늘 A주] AI 버블 공포에 급락...&quot;3800까지 밀릴 것&quot;,"2차 전지를 비롯해 양극재, 전해질, 리튬 등 소재 업체들도 동반 급락했다. 광저우선물거래소는 오는 24일부터 탄산리튬 선물 계약의 거래 수수료 및 거래 한도를 조정한다고 발표하면서 탄산리튬 선물 가격이 7... ",2025-11-21,Naver,https://www.newspim.com/news/view/20251121000890,2차전지
119,"건설업계, 환경·에너지 신사업 '2차 성장' 시동","업계 관계자는 &quot;태양광, 풍력, 연료전지, 수소 설비 등 에너지 기반 공정이 세분화되고 전문 공종 범위도... 제주 감귤 태양광, 영월 풍력, 안산 수소연료전지 등 관련 사업 실적을 쌓았으며 최근 홍천양수발전소 1·2호기... ",2025-11-21,Naver,https://www.newsway.co.kr/news/view?ud=2025112113483366683,2차전지
120,코스닥 급락에도...디앤디파마텍 · 로킷헬스케어 · 에스피지 '껑충',"코스닥 업종별로는 반도체, 2차전지, 엔터테인먼트, 게임, 통신장비주 등이 하락했다. 한국거래소에 따르면 제약바이오주 중 코오롱티슈진(11.49%), 케어젠(14.66%), 로킷헬스케어(9.66%) 등이 급등했다.... ",2025-11-21,Naver,http://www.choicenews.co.kr/news/articleView.html?idxno=157113,2차전지
121,"하드램, 네덜란드 소부장기업과 나노급 첨단 장비 공동 개발",반도체·디스플레이·2차전지 전문기업 ㈜하드램이 네덜란드의 핵심 소부장(소재·부품·장비) 기업들과 전략적 기술 제휴를 진행하고 있다고 밝혔다. 양사는 나노미터(㎚) 단위의 초정밀 장비 설계를 위한 공동 개발에... ,2025-11-21,Naver,https://n.news.naver.com/mnews/article/008/0005281583?sid=101,2차전지
122,[마켓+]외국인 3조 순매도 '역대 최대'…'검은 금요일',유명간 미래에셋증권 연구원도 &quot;AI 수익성 논란과 금리 인하 기대 약화가 고평가된 반도체·2차전지를 정면으로 압박했다&quot;고 말했다. 하장권 현대차증권 연구원은 &quot;현재 미국 시장은 통화정책 경로에 대한 명확한... ,2025-11-21,Naver,https://www.businessplus.kr/news/articleView.html?idxno=102527,2차전지
123,"시흥시, 8개 소부장기업 맞춤 DX 전략 완성",▲(농)대한주조㈜(주류 제조) ▲㈜삼양이엠씨(Ecosef 수유식 튀김기) ▲㈜비와이인더스트리(2차전지·디스플레이 고압세정기) ▲한국연마(사무용품 연마가공) ▲㈜에이탑(극세사 타월) ▲일영피더(자동차 설비 피더)... ,2025-11-21,Naver,https://n.news.naver.com/mnews/article/025/0003484427?sid=102,2차전지
124,"[2026 후계자 포커스⑨] LS '포스트 구자은' 후계 경쟁 치열, 구본혁·구...","구동휘 대표는 LS그룹의 2차전지 소재 사업 컨트롤타워로서 황산니켈 제련공장, 전구체 생산능력 안정화 등의 과제도 추진하고 있다. 지난 10월 준공된 LS-엘앤에프 합작법인 엘에스엘앤에프배터리솔루션(LLBS)의... ",2025-11-21,Naver,https://www.businesspost.co.kr/BP?command=article_view&num=420926,2차전지
125,"송인헌 괴산군수, 시정연설 통해 2026년 군정운영 방향 제시",▲ 송인헌 충북 괴산군수는 지난 21일 347회 괴산군의회 2차 정례회에서 시정연설을 통해 2026년 군정운영... 체육대회·전지훈련 유치를 통해 27억 원의 경제적 효과를 거뒀다&quot;며 &quot;이 성과를 바탕으로 2026년을 도약의... ,2025-11-21,Naver,https://www.ccdailynews.com/news/articleView.html?idxno=2380837,2차전지
126,"&quot;검은 금요일&quot;..양대악재, 원화환율 '치솟고'·코스피 '추락'","업종별로는 반도체주를 비롯해 2차전지, 조선, 원전, 건설, 철강, 전력기기, 지주사 등이 하락했다. 화장품주들은 상대적으로 선방하는 모습을 보였다. 한국거래소에 따르면 삼성전자는 전일 대비 5.77... ",2025-11-21,Naver,http://www.choicenews.co.kr/news/articleView.html?idxno=157112,2차전지
127,"LG엔솔과 영업익 1.2조 격차… 삼성SDI의 참담한 3분기, 최주선 책임론 ...",기술 기반 혁신의 한계 드러났나… &quot;2차전지는 반도체가 아니다&quot; 최 대표의 인사는 &quot;반도체·디스플레이 혁신 경험을 배터리 혁신으로 복제하겠다&quot;는 그룹 의중이 반영된 결정이었다. 그러나 2차전지는 소재·공정·공장... ,2025-11-21,Naver,https://www.upkoreanews.kr/news/articleView.html?idxno=96053,2차전지
128,"'사면초가' 포스코 장인화, 산재 이어 소액주주 집단행동까지",앞에서 2차 규탄 집회를 개최하겠다는 방침도 밝혔다. 포스코그룹은 소유분산기업(소유 지분이 분산돼... 이차전지 업종의 불확실성이 계속 확대된 결과다. 포스코그룹 지주사인 포스코홀딩스는 2024년 연결기준 매출... ,2025-11-21,Naver,http://www.newsdream.kr/news/articleView.html?idxno=100976,2차전지
129,"'내수 위기 직면' BYD, 韓 시장 공략 속도···韓 업계, 대응은?","또 다른 업계 관계자는 &quot;전기차 시장이 성숙 단계에 접어들며 소비자들의 선택 기준이 가격뿐 아니라 사양, 서비스 품질 등으로 확장되고 있다&quot;며 &quot;국내 업체들도 제품 라인업을 다변화하고 충전·서비스 인프라... ",2025-11-22,Naver,http://www.finomy.com/news/articleView.html?idxno=243555,전기차
130,"韓 자율주행 노크한 테슬라…반응은 ‘기대 반, 의문 반’ [테슬라 자율...","기후에너지환경부에 따르면 올해 11월 13일까지 새로 등록된 전기차는 20만1000대로, 지난해 연간 보급량... 선택지 확대, 보조금 정착, 충전 인프라 확충 등이 배경으로 꼽히며, 20만대 돌파는 초기 수요층을 넘어 대중화... ",2025-11-22,Naver,https://n.news.naver.com/mnews/article/243/0000088433?sid=103,전기차
131,"웨스트 오로라 학군, 전기차 스쿨버스 27대 도입",학군측은 전기차 버스는 완전 충전 시 약 100마일을 주행할 수 있어 대부분의 등•하교 노선에 적합하지만 먼 거리를 오가는 일부 노선은 기존 버스를 계속 사용할 예정이다.,2025-11-22,Naver,https://www.koreadaily.com/article/20251121131621534,전기차
132,"[산업 이모저모] 두산에너빌리티, 'IR52 장영실상' 수상","○...현대차 캐스퍼 일렉트릭, 獨 '2025 골든 스티어링 휠 어워드' 수상 현대자동차 대표 소형 전기차... 캐스퍼 일렉트릭은 ▲일상 주행에 적합한 실용성 ▲차급을 뛰어 넘는 넉넉한 실내 공간 ▲최대 85kW 충전 용량으로... ",2025-11-22,Naver,https://www.greened.kr/news/articleView.html?idxno=333418,전기차
133,"현대차, 캐스퍼 일렉트릭 獨 '골든 스티어링 휠 어워드' 수상",80%까지 충전 가능 가능한 기술 ▲합리적인 가격 등에서 경쟁 차종을 압도하며 심사위원들에게 우수한 평가를 받았다. 캐스퍼 엘릭트릭은 앞서 '2025 월드카 어워즈'에서도 프리미엄 전기차 포르쉐 마칸 일렉트릭을... ,2025-11-22,Naver,https://www.apnews.kr/news/articleView.html?idxno=3042727,전기차
134,"경북도의회 기획경제위, 에너지·과학기술 분야 현안 대응 '경고등'","박선하 위원은 스마트그린물류 규제자유특구 사업의 지속 가능성을 위한 도비 지원과 법령 정비를 요청하고, 전기차 무선충전 인프라 구축이 3년째 정체된 점을 지적하며, 휠체어 탑승 장애인 등을 대상으로 시범 운영할... ",2025-11-21,Naver,https://ilyo.co.kr/?ac=article_view&entry_id=503609,전기차
135,"현대차 캐스퍼 일렉트릭, 獨 '2025 골든 스티어링 휠 어워드' 수상","현대차 캐스퍼 일렉트릭 현대자동차 대표 소형 전기차 '캐스퍼 일렉트릭(현지명 인스터)'이 독일 시장에서... 캐스퍼 일렉트릭은 일상 주행에 적합한 실용성, 차급을 뛰어 넘는 넉넉한 실내 공간, 최대 85kW 충전... ",2025-11-21,Naver,http://www.worktoday.co.kr/news/articleView.html?idxno=77425,전기차
136,기보 '지식재산공제 가입기업' 2만번째 '㈜세상을바꾸는사람들',2만 번째 가입기업인 ㈜세상을바꾸는사람들은 경기도 안양에 위치한 AI 기반 전기차 충전시스템 전문기업이다. 김진우 ㈜세상을바꾸는사람들 대표이사는 &quot;지식재산 분쟁 등 예기치 못한 경영 리스크에 대비하기 위해... ,2025-11-21,Naver,http://www.seoulwire.com/news/articleView.html?idxno=681818,전기차
137,"안양도시공사, 지방자치 혁신대상 '최우수상' 수상",안양도시공사는 ▲선제적 안전관리를 위한 '안전패트롤' 신설 ▲AI 기반 전기차 충전공간 안전관리 시스템 도입 ▲통합주차포털 연계 웹 할인 서비스 제공 ▲수영강사 자체 육성 교육 운영 ▲고객만족도 92.0점 달성... ,2025-11-21,Naver,https://www.newscj.com/news/articleView.html?idxno=3343051,전기차
138,"기보, 지식재산공제 가입기업 2만 개사(社) 달성","2만 번째 가입기업인 ㈜세상을바꾸는사람들은 경기도 안양에 위치한 AI 기반 전기차 충전시스템 전문기업으로, 김진우 대표이사는 &quot;지식재산 분쟁 등 예기치 못한 경영 리스크에 대비하기 위해 가입했다&quot;며, &quot;향후... ",2025-11-21,Naver,https://www.gokorea.kr/news/articleView.html?idxno=847430,전기차
139,"기보, 지식재산공제 가입기업 2만 개사(社) 달성",2만 번째 가입기업인 ㈜세상을바꾸는사람들은 경기도 안양에 위치한 AI 기반 전기차 충전시스템 전문기업으로 김진우 대표이사는 &quot;지식재산 분쟁 등 예기치 못한 경영 리스크에 대비키 위해 가입했다&quot;며 &quot;향후 법률자문... ,2025-11-21,Naver,https://www.newscj.com/news/articleView.html?idxno=3343005,전기차
140,"현대차 캐스퍼 일렉트릭, 독일 '골든 스티어링 휠 어워드' 수상",현대자동차가 소형 전기차 '캐스퍼 일렉트릭'이 독일 '2025 골든 스티어링 휠 어워드'에서 '2만 5000유로 미만... 캐스퍼 일렉트릭은 일상 주행에 적합한 실용성과 차급을 뛰어넘는 넉넉한 실내 공간 최대 85㎾ 충전... ,2025-11-21,Naver,https://www.newscj.com/news/articleView.html?idxno=3342989,전기차
141,"현대차 캐스퍼 일렉트릭, 독일 '2025 골든 스티어링 휠 어워드' 수상",사진=현대차  현대자동차 대표 소형 전기차 '캐스퍼 일렉트릭(현지명 인스터)'이 독일 시장에서 성과를... 캐스퍼 일렉트릭은 △일상 주행에 적합한 실용성 △차급을 뛰어 넘는 넉넉한 실내 공간 △최대 85kW 충전... ,2025-11-21,Naver,https://www.pointdaily.co.kr/news/articleView.html?idxno=281352,전기차
142,[배터리 산업 전망 2026] ③ 전고체 상용화가 여는 2030 전기차 산업 대...,"기존 전기차 충전은 &quot;장시간 점유형 인프라&quot;를 기반으로 했고, 충전소의 핵심 가치는 넓은 부지·대기 공간·급속 충전기 수량이었다. 하지만 전고체 시대에는 &quot;회전율 기반 인프라&quot;로 전환된다. 충전소는 더 작은 부지에서... ",2025-11-21,Naver,https://www.asiaa.co.kr/news/articleView.html?idxno=231194,전기차
143,"한전KDN, 교통소외 지역 아동보호기관에 전기차 기증",한전KDN(사장 박상형)은 19일 광주전남공동혁신도시 소재 본사에 구축된 전기차 충전시설인 CHA-ON(차온)에서 교통소외 지역 아동보호기관에 전기차 기증식을 가졌다. 기증식에는 김민영 한전KDN ESG경영처장과 김유성... ,2025-11-21,Naver,http://www.newsmaker.or.kr/news/articleView.html?idxno=171354,전기차
144,"한국타이어, '청록수소 카본블랙 공동 개발' MOU…BMW 코리아, 전기차 소...",용량의 충전 효율성 △합리적인 가격 등 강점으로 심사위원단으로부터 우수한 평가를 받았다. 자비에르 마르티넷 현대차 유럽대권역장 겸 유럽권역본부장은 &quot;캐스퍼 일렉트릭은 일상 생활에 적합한 전기차로 누구나... ,2025-11-21,Naver,http://www.sisaon.co.kr/news/articleView.html?idxno=177749,전기차
145,"“1호 기업도 회생절차”…AI 규제 샌드박스, 혁신의 발판인가 불확실성...",2019년 규제 샌드박스 임시 허가 1호였던 전기차 충전업체 차지인이 6년 만에 회생절차에 들어가면서 ‘실증 이후’의 제도 공백이 다시 도마에 올랐다. 21일 법조계에 따르면 서울회생법원 제14부는 지난 13일 차지인에... ,2025-11-21,Naver,https://www.kukinews.com/article/view/kuk202511210182,전기차
146,"제네시스, 650마력 고성능차 'GV60 마그마' 공개…&quot;AMG·포르쉐 잡는다&quot;","제네시스가 브랜드 출범 10주년을 맞아 첫 고성능 전기차 'GV60 마그마'를 공개하며  메르세데스-벤츠 AMG... 1회 충전 시 주행 거리는 국내 인증 기준 351km이며, 800V 초급속 충전 시스템을 이용하면 배터리 잔량 10%에서 80... ",2025-11-21,Naver,https://www.gpkorea.com/news/articleView.html?idxno=136573,전기차
147,"포스텍, ‘분자조절 멤브레인(molecularly engineered membrane)’ 기술 개...","전기차로 치면 한 번 충전해 400km를 달리던 것을 650~700km까지 늘릴 수 있게 된 셈이다. 문제는 안전이다. 리튬금속전지를 충·방전할 때, 리튬이 전극 표면에 고르게 쌓이지 않고 나뭇가지처럼 삐죽삐죽 자란다. 이를... ",2025-11-21,Naver,https://tk.newdaily.co.kr/site/data/html/2025/11/21/2025112100296.html,전기차
148,"경북도의회 기획경제위원회, 행정사무감사 종료… 에너지·AI산업 정책 ...","또한 대학 연계사업 등 대규모 예산 투입 사업에 대한 성과 검증 강화, 스마트그린물류 및 전기차 무선충전 사업의 지원 체계 보완, 산업용 헴프 사업 무산에 대한... ",2025-11-21,Naver,http://www.breaknews.com/1163461,전기차
149,&quot;다시 작업중&quot;…조지아 구금됐던 한국인 근로자들 '깜짝 근황',지난 9월 미국 조지아주 현대차·LG에너지솔루션(LG엔솔) 합작 배터리 공장에서 체포됐다가 귀국한 한국인 근로자 300여명 중 약 50명이 미국에 다시 들어가 작업 중이라는 소식이 전해졌다. ABC방송은 21일(현지시간)... ,2025-11-22,Naver,https://n.news.naver.com/mnews/article/015/0005214722?sid=104,배터리
150,"현대차·LG엔솔 조지아 구금자, 50여명 미국 재입국",미국 이민 단속 당국이 홈페이지를 통해 지난 4일(현지시간) 조지아주 현대차그룹-LG에너지솔루션의 합작 배터리 공장 건설현장에서 벌인 불법체류·고용 단속 현장 영상을 공개했다. /사진제공=머니투데이지난달... ,2025-11-22,Naver,https://news.mtn.co.kr/news-detail/2025112211562299492,배터리
151,&quot;'조지아 구금 사태' 한국인 근로자 약 50명 미국 재입국&quot; -ABC,지난달 미국 조지아주 현대차·LG에너지솔루션(LG엔솔) 합작 배터리 공장에서 체포됐다가 귀국한 한국인 근로자 300여명 중 약 50명이 미국에 재입국해 작업현장으로 돌아갔다는 외신 보도가 나왔다. 21일(현지시간)... ,2025-11-22,Naver,https://n.news.naver.com/mnews/article/008/0005281725?sid=101,배터리
152,"&quot;조지아 구금 근로자 중 50여 명, 미국 재입국해 현장 복귀&quot;",▲  미국 조지아주 현대차그룹-LG에너지솔루션 배터리 합작 공장 건설 현장에서 구금된 한국인들을 태울 대한항공 전세기가 지난 9월 10일 오전 인천국제공항 2터미널 계류장에서 이륙을 준비하고 있다. 2025.9.10... ,2025-11-22,Naver,https://n.news.naver.com/mnews/article/047/0002495851?sid=104,배터리
153,"미국 체포 후 귀국 한국인 근로자 50여명, 재입국해 조지아 현장 복귀","현지시간 21일 ABC방송에 따르면, 지난 9월 조지아주 브라이언 카운티의 현대차·LG에너지솔루션 합작 배터리 공장에서 구금됐다가 자진 귀국한 한국인 근로자 317명 가운데 약 50명이 지난 15일 기준으로 미국에... ",2025-11-22,Naver,https://n.news.naver.com/mnews/article/374/0000476336?sid=101,배터리
154,"[오늘의 경제뉴스] AI 거품론에 파랗게 질린 코스피, 3.79%↓…외국인 3...","삼성전자(-5.77%), SK하이닉스(-8.76%), LG에너지솔루션(-3.51%), HD현대중공업(-4.80%), 두산에너빌리티(-5.92%), 한화에어로스페이스(-5.13%), 삼성물산(-3.57%) 등의 낙폭이 상대적으로 컸다. 반면, 네이버(2.14%), 기아(0.53%) 등은... ",2025-11-22,Naver,https://www.newsverse.kr/news/articleView.html?idxno=8896,배터리
155,SK텔레콤 개인정보 분쟁 '악화일로'…유심 소송 맡던 법무법인도 해킹 ...,"랜섬웨어 조직 '아키라(Akira)'는 LG에너지솔루션 내부 데이터를 탈취했다고 주장했고, LG에너지솔루션 측은 해외 공장에서 발생한 공격인 만큼 국내 피해는 없다고 반박했다. ◆ 개인정보 분쟁조정안 거부한 SK텔레콤... ",2025-11-22,Naver,https://n.news.naver.com/mnews/article/138/0002210342?sid=105,배터리
156,"배터리 에너지 저장 시장, 2032년 1,704억 달러 규모 성장 전망… 주거 ...","LG 에너지 솔루션은 리튬이온 부문에서 26%의 시장 점유율을, 삼성SDI는 NaS 배터리 기술로 특수 애플리케이션 시장에서 20%를, 파나소닉은 주거용 솔루션에서 18%를 차지하고 있다. 베터리 유형별로는 리튬이온... ",2025-11-22,Naver,https://www.g-enews.com/view.php?ud=2025112209120087770c8c1c064d_1,배터리
157,"“조지아 구금 한국인 50명, 미국 재입국해 현장복귀”",미국 조지아주 현대차·LG에너지솔루션(LG엔솔) 합작 배터리 공장에서 체포됐다가 귀국한 한국인 근로자 300여명 중 약 50명이 미국에 다시 들어가 작업 중이라는 외신 보도가 나왔다. 21일(현지시간) ABC방송은 한국인... ,2025-11-22,Naver,https://n.news.naver.com/mnews/article/009/0005594333?sid=104,배터리
158,재계 “마른 수건이라도 짜라”…부품 구매전략 전면 재조정,LG화학과 LG에너지솔루션은 연간 설비 투자를 감축하고 있다. AI를 도입해 원가를 절감하고 생산성을 높이려는 노력도 쏟고 있다. LG디스플레이는 ‘AI 생산 체계’를 유기발광다이오드(OLED) 제조 공정에 도입했다.,2025-11-22,Naver,https://n.news.naver.com/mnews/article/009/0005594325?sid=101,배터리
159,"&quot;美 ICE에 체포됐던 한국인 50명, 미국 재입국해 현장 복귀&quot;",미국 조지아주 현대차·LG에너지솔루션(LG엔솔) 합작 배터리 공장에서 체포됐다가 귀국한 한국인 근로자 300여명 중 약 50명이 미국에 다시 들어가 작업 중이라는 외신 보도가 나왔다. ABC방송은 21일(현지시간) 한국인... ,2025-11-22,Naver,https://n.news.naver.com/mnews/article/025/0003484487?sid=101,배터리
160,LG는 어디서 어떻게 탄소 540만톤 줄였나,"LG전자, LG디스플레이, LG이노텍, LG화학, LG에너지솔루션, LG생활건강, LG유플러스 등이 그 대상이다. LG는 2023년 2월 국내 최초로 개별 기업이 아닌 그룹 차원의 탄소중립 로드맵이 담긴 넷제로 보고서를 발간했고 이후... ",2025-11-22,Naver,https://www.newspenguin.com/news/articleView.html?idxno=20766,배터리
161,"코스피, 외인 매도에 하락 마감...기아 상승 VS SK하이닉스, 두산에너빌...","SK하이닉스(-8.76%), 두산에너빌리티(-5.92%), 삼성전자(-5.77%), HD현대중공업(-4.8%), 삼성전자우(-4.37%), LG에너지솔루션(-3.51%), 현대차(-0.95%), KB금융(-0.58%)은 하락 마감했다.",2025-11-21,Naver,http://www.econonews.co.kr/news/articleView.html?idxno=414949,배터리
162,"코스피, '검은 금요일'... 외국인 매도폭탄에 '휘청'","또 LG에너지솔루션(-3.51%), 두산에너빌리티(-5.92%), SK스퀘어(-9.37%) 등 시가총액 대형주의 주가도 하락세를 보였다. 증권가는 이 같은 변동성이 다음 달 연준의 연방공개시장위원회(FOMC) 회의 전까지 지속될 것으로... ",2025-11-21,Naver,https://www.digitaltoday.co.kr/news/articleView.html?idxno=606827,배터리
163,"'검은 금요일' 코스피, 3%대 급락…AI거품론 재점화",이외에도 LG에너지솔루션(-3.51%)을 비롯해 현대차(-0.95%)·HD현대중공업(-4.80%)·두산에너빌리티(-5.92%)·KB금융(-0.58%) 등이 약세를 보였다. 이날 코스닥지수는 전 거래일보다 27.99포인트(3.14%) 내린 863.95에 거래를... ,2025-11-21,Naver,https://n.news.naver.com/mnews/article/448/0000572226?sid=101,배터리
164,AI버블 우려에 코스피 3850선 마감…외국인 2兆 ‘팔자’,"이외에도 LG에너지솔루션(-3.51%), 삼성전자우(-4.37%), 현대차(-0.95%), HD현대중공업(-4.8%), 두산에너빌리티(-5.92%), KB금융(-0.58%) 등 시총 상위 종목들도 일제히 하락했다. 기아는 0.53% 상승했다. 이날 외국인은 전날... ",2025-11-21,Naver,https://www.dnews.co.kr/uhtml/view.jsp?idxno=202511211616292840753,배터리
165,"코스피, AI 거품론 재점화에 또 4000선 내줘","코스피 시가총액 상위종목 가운데  SK하이닉스(521,000 ▼50000 -8.76%), 삼성전자(94,800 ▼5800 -5.77%), LG에너지솔루션(425,500 ▼15500 -3.51%) 등이 하락했다. 반면 NAVER(262,500 ▲5500 +2.14%) 등은 올랐다. 이날... ",2025-11-21,Naver,https://www.betanews.net/article/view/beta202511210088,배터리
166,"코스피, AI 버블 우려에 3.8% 급락 3,850대 후퇴…외인 2.8조 투매","아울러 LG에너지솔루션(-3.51%), 현대차(-0.95%), HD현대중공업(-4.80%), 두산에너빌리티(-5.92%), 한화에어로스페이스(-5.13%) 등도 내렸습니다. 기아(0.53%), 셀트리온(0.32%), NAVER(2.14%) 등은 올랐습니다. 오늘... ",2025-11-21,Naver,https://n.news.naver.com/mnews/article/055/0001309961?sid=101,배터리
167,"원달러 환율 상승, 코스피 외국인 매도세↑","아울러 LG에너지솔루션[373220](-3.51%), 현대차[005380](-0.95%), HD현대중공업[329180](-4.80%), 두산에너빌리티[034020](-5.92%), 한화에어로스페이스[012450](-5.13%) 등도 내렸다. 기아[000270](0.53%), 셀트리온[068270](0.32%), NAVER... ",2025-11-21,Naver,https://www.thereport.co.kr/news/articleView.html?idxno=74764,배터리
168,"[주식] 코스피, 외국인 2조8200원대 매도세 및 미국발 증시하락 여파에...","삼성전자(-5.77%)와 SK하이닉스(-8.76%)는 각각 9만4800원, 52만1000원을 기록했고, LG에너지솔루션(-3.51%), 현대차(-0.95%), HD현대중공업(-4.80%), 두산에너빌리티(-5.92%), KB금융(-0.58%)도 모두 약세였다. 코스피는... ",2025-11-21,Naver,http://www.biztribune.co.kr/news/articleView.html?idxno=344039,배터리
169,"LG에너지솔루션 주가 11월 21일 425,500원…전일 대비 3.51% 하락 마감","21일 KRX 마감 기준, 코스피 시장에서 LG에너지솔루션의 주가는 425,500원에 장을 마감하여 지난 종가인 441,000원보다 15,500원 하락했다. 이는 3.51%의 하락률이다. 출처 : 네이버페이 증권 시가는 428,000원에... ",2025-11-21,Naver,https://www.job-post.co.kr/news/articleView.html?idxno=191501,배터리
170,"재계, 마른 수건도 짠다 … 인력·경상비·구매단가 '트리플 감축'",LG화학과 LG에너지솔루션은 연간 설비 투자를 감축하고 있다. AI를 도입해 원가를 절감하고 생산성을 높이려는 노력도 쏟고 있다. LG디스플레이는 'AI 생산 체계'를 유기발광다이오드(OLED) 제조 공정에 도입했다. [ / / ],2025-11-21,Naver,https://n.news.naver.com/mnews/article/009/0005594211?sid=101,배터리
171,"폴스타, 한국 공장은 글로벌 수출 핵심…미국 15% 관세에도 굳건","폴스타4는 중국 CATL 배터리, 폴스타2는 LG에너지솔루션 또는 CATL의 배터리를 사용해 왔다. 향후 폴스타5에는 SK온의 니켈·망간·코발트(NCM) 배터리가 탑재된다. 폴스타5는 처음으로 전량 한국산 배터리를 장착한다.... ",2025-11-21,Naver,https://www.gpkorea.com/news/articleView.html?idxno=136607,배터리
172,외국인 3조 매도 폭탄에 코스피 3.8%↓,"한국거래소에 따르면 11월 17일~21일 외국인이 가장 많이 매수한 종목은 LG에너지솔루션이었다(오후 3시 45분 기준). 2~10위는 효성중공업, 한국전력, 농심, 이수페타시스, HD현대중공업, 에이비엘바이오, SK바이오팜... ",2025-11-21,Naver,https://n.news.naver.com/mnews/article/037/0000037280?sid=101,배터리
173,미하엘 로셸러 &quot;부산공장은 북미수출 위한 폴스타의 중요한 전략 거점&quot;,"기존 ‘폴스타 2’는 LG에너지솔루션과 중국 CATL의 NCM 배터리를, 폴스타 4는 CATL의 NCM 배터리를 장착했다. 로셸러 CEO는 “현지화(한국산 배터리)를 더 많이 하는 것은 좋다고 생각한다”며 긍정적인 입장을 내비쳤다.... ",2025-11-21,Naver,https://n.news.naver.com/mnews/article/015/0005214565?sid=101,배터리
174,"코스피, AI버블우려에 급락 3850선 마감…외인 2.8조 4년여 만 최대 '팔자...","아울러 LG에너지솔루션(-3.51%), 현대차(-0.95%), HD현대중공업(-4.80%), 두산에너빌리티(-5.92%), 한화에어로스페이스(-5.13%), KB금융(-0.58%) 등도 내렸다. 반면, 기아(0.53%), 셀트리온(0.32%), NAVER(2.14%) 등은 올랐다. 이날... ",2025-11-21,Naver,https://www.thepublic.kr/news/articleView.html?idxno=284557,배터리
175,"[마감시황] 코스피, AI 거품론 재점화에 3850대 추락","아울러 두산에너빌리티(-5.92%), 한화에어로스페이스(-5.13%), HD현대중공업(-4.80%), LG에너지솔루션(-3.51%), 현대차(-0.95%) 등도 내렸다. 기아(0.53%), 셀트리온(0.32%), NAVER(2.14%) 등은 올랐다. 업종별로 보면... ",2025-11-21,Naver,http://www.hansbiz.co.kr/news/articleView.html?idxno=793833,배터리
176,엔비디아 훈풍에도 고개 든 ‘AI거품’…코스피 4% 가까이 빠지고 환율...,아울러 LG에너지솔루션 등 시가총액 대형주의 주가도 하락세를 보였다. 심지어 환율은 7개월여 만에 최고치를 찍었다. 이날 외환시장에서 미국 달러화 대비 원화 환율의 주간 거래 종가(오후 3시30분 기준)는... ,2025-11-21,Naver,https://n.news.naver.com/mnews/article/658/0000126783?sid=101,배터리
177,코스피 'AI 거품론' 재점화에 코스피 3.79% 급락 마감…외인 2.8조 순매도,"시총 상위 종목 중에서도 LG에너지솔루션, HD현대중공업, 두산에너빌리티, 한화에어로스페이스 등이 큰 폭으로 내렸고, 현대차 역시 약세를 보였다. 반면 기아, 셀트리온, NAVER 등 일부 종목은 소폭 상승하며... ",2025-11-21,Naver,https://www.econovill.com/news/articleView.html?idxno=719362,배터리
178,"외국인 올 최대 투매…코스피 3853 ‘급락’, 환율 1475원 ‘급등’","엘지(LG)에너지솔루션(-3.51%), 현대차(-0.95%), 에이치디(HD)현대중공업(-4.8%), 두산에너빌리티(-5.92%), 케이비(KB)금융(-0.58%) 등 시가총액 상위 종목들이 대부분 하락했다. 외국인 투자자들이 유가증권시장에서만... ",2025-11-21,Naver,https://n.news.naver.com/mnews/article/028/0002777707?sid=101,배터리
179,"코스피, 외인 2.8조 매도 vs 개인 2.3조 매수...150pt '급락'","삼성전자(-5.77%), SK하이닉스(-8.76%), LG에너지솔루션(-3.51%), 삼성전자우(-4.37%), 현대차(-0.95%), HD현대중공업(-4.80%), 두산에너빌리티(-5.92%), KB금융(-0.58%) 등 8종목이 하락했다. ■ 코스닥...AI 의구심에 반도체 소부장... ",2025-11-21,Naver,https://n.news.naver.com/mnews/article/123/0002372430?sid=101,배터리
180,"'검은 금요일' 코스피, 4% 가까이 하락…환율 1475원대로↑","SK하이닉스(-8.76%)와 두산에너빌리티(-5.92%), 삼성전자(-5.77%), HD현대중공업(-4.80%), LG에너지솔루션(-3.51%)이 하락했다. 현대차(-0.95%)와 KB금융(-0.58%)은 약보합 마감한 반면, 기아(0.53%)는 강보합으로 장을 마쳤다.... ",2025-11-21,Naver,https://www.pointdaily.co.kr/news/articleView.html?idxno=281313,배터리
181,‘검은 금요일’ 코스피 AI 거품 우려에 3.79%↓...환율도 7개월만 최고...,"LG에너지솔루션(-3.51%)을 비롯해 현대차(-0.95%), HD현대중공업(-4.80%), 두산에너빌리티(-5.92%), KB금융(-0.58%) 등이 내렸다. 이재원 신한투자증권 연구원은 “미국 주식 시장 하락에 코스피 반도체 대형주에서 외국인... ",2025-11-21,Naver,https://www.ekn.kr/web/view.php?key=20251121028400013,배터리
182,[심층분석] 이재용은 왜 '2인자'를 택했나…'박·전·노' 트로이카에 담...,삼성전자는 지난해 11월 연구조직인 삼성글로벌리서치(전 삼성경제연구소)에 경영진단실을 신설하고 이재용 회장의 핵심 측근으로 꼽히는 최윤호 삼성SDI 사장을 최고경영자(CEO)로 임명한 바 있다. 최 사장은 계열사... ,2025-11-22,Naver,https://www.pennmike.com/news/articleView.html?idxno=111080,배터리
183,"삼성벤처투자, 신임 대표이사 부사장으로 이종혁 부사장 내정","이종혁 신임 대표이사는 1996년 삼성SDI 기초연구LAB 책임연구원으로 입사하여 삼성모바일디스플레이 OLED선행기술팀장, 삼성디스플레이 QD개발팀장 등을 거쳐 현재 삼성디스플레이 대형디스플레이사업부장으로 QD... ",2025-11-22,Naver,http://www.dailypop.kr/news/articleView.html?idxno=93492,배터리
184,삼성SDI 최근 5거래일 주가 변동 28만원대 진입,"|중앙이코노미뉴스 김준수 기자|  21일 KRX 마감 기준, 네이버페이 증권에 따르면 삼성SDI 주가가 21일 전 거래일 대비 13,500원 하락한 288,500원에 마감하며 4.47%의 하락률을 기록했다. 출처=삼성SDI 삼성SDI는... ",2025-11-22,Naver,https://www.joongangenews.com/news/articleView.html?idxno=468071,배터리
185,"외국인 자금 썰물…코스피, 조정 본격화?[출렁이는 금융시장①]","이달 들어 외국인은 SK하이닉스를 7598억원 순매도하며 가장 많이 팔았고, 삼성전자(2조1147억원), 두산에너빌리티(7435억원), KB금융(4495억원), 한화오션(3743억원), 네이버(2983억원), 삼성중공업(1852억원), 삼성SDI(1686억원)... ",2025-11-22,Naver,https://n.news.naver.com/mnews/article/003/0013615254?sid=101,배터리
186,[프로필] 이종혁 삼성벤처투자 대표이사 내정자,"이종혁 신임 대표이사 내정자는 1996년 삼성SDI 기초연구LAB 책임연구원으로 입사해 삼성모바일디스플레이 OLED선행기술팀장, 삼성디스플레이 QD개발팀장 등을 맡았으며 대형디스플레이사업부장으로 QD-OLED 사업을... ",2025-11-21,Naver,https://www.seoulfn.com/news/articleView.html?idxno=613351,배터리
187,"삼성벤처투자, 신임 대표에 삼성디스플레이 이종혁 부사장 선임","이종혁 신임 대표이사는 1996년 삼성SDI 기초연구LAB 책임연구원으로 입사후 삼성모바일디스플레이 OLED선행기술팀장, 삼성디스플레이 QD개발팀장 등을 거쳐 현재 삼성디스플레이 대형디스플레이사업부장으로 QD... ",2025-11-21,Naver,http://www.lawissue.co.kr/view.php?ud=2025112119102295919817d053b9_12,배터리
188,삼성물산 리조트 대표에 '재무통' 송규종 승진…정해린 사장은 에스원 ...,이 대표는 1996년 삼성SDI 기초연구랩(LAB) 책임연구원으로 입사해 삼성모바일디스플레이 OLED선행기술팀장·QD개발팀장 등을 거쳤다. 현재 대형디스플레이사업부장으로 퀀텀닷유기발광다이오드(QD-OLED) 사업을 총괄하고... ,2025-11-21,Naver,https://n.news.naver.com/mnews/article/011/0004558767?sid=101,배터리
189,안정 속 '기술 인재' 전진 배치…HBM 넘어 AI 혁신 속도낸다,"삼성전자가 정기 인사 이후에도 연중 수시 인사를 단행할 것이라고 예고한 점도 변수다. 삼성의 전자 계열사 사장들인 장덕현 삼성전기 사장, 이청 삼성디스플레이 사장, 최주선 삼성SDI 사장 등도 유임됐다.",2025-11-21,Naver,https://n.news.naver.com/mnews/article/011/0004558766?sid=101,배터리
190,"삼성물산 리조트 사장 송규종, 에스원 사장 정해린","이 대표는 1996년 삼성SDI 기초연구랩 책임연구원으로 입사해 삼성모바일디스플레이 유기발광다이오드(OLED) 선행기술팀장, 삼성디스플레이 퀀텀닷(QD) 개발팀장 등을 거쳐 삼성디스플레이 대형디스플레이사업부장으로... ",2025-11-21,Naver,https://n.news.naver.com/mnews/article/015/0005214585?sid=101,배터리
191,[인사] 삼성벤처투자 신임 대표에 이종혁 삼성디스플레이 부사장,"이종혁 신임 대표이사는 1996년 삼성SDI 기초연구LAB 책임연구원으로입사하여 삼성모바일디스플레이 OLED선행기술팀장, 삼성디스플레이 QD개발팀장 등을 거쳐 현재 삼성디스플레이 대형디스플레이사업부장으로 QD... ",2025-11-21,Naver,https://www.getnews.co.kr/news/articleView.html?idxno=850241,배터리
192,&lt;증권리포트 분석-2025년4월&gt; ④ 현대로템 목표가 오차율 110%,삼성SDI와 에코프로비엠 등 2차 전지주와 금융주들의 강세로 오차율이 컸다. 21일 빅터뉴스 부설 비즈빅테이터연구소(BBD랩)의 ‘2025년 4월 증권사 다수 추천종목 분석’ 보고서에 따르면 26개 증권사에서 5회... ,2025-11-21,Naver,https://www.bigtanews.co.kr/article/view/big202511200033,배터리
193,"삼성물산 리조트 부문, 에스원, 삼성벤처투자 대표이사 교체","이 신임 대표는 1996년 삼성SDI 연구원으로 입사한 뒤 삼성모바일디스플레이 유기발광다이오드(OLED) 선행기술팀장과 퀀텀닷(QD)개발팀장, 삼성디스플레이 대형 디스플레이사업부장을 역임했다.",2025-11-21,Naver,https://n.news.naver.com/mnews/article/025/0003484431?sid=101,배터리
194,"[증시 인사이트] 오늘, 코스피 장초반 3% 급락…3900선 붕괴",9조 수주…올해 10조 돌파 - 컨테이너선 7척 수주…조선 모멘텀 강화 - 삼성SDI·SDS·전기 등 그룹주 일제 강세 - AI·원전·조선 등 '멀티 모멘텀' 그룹주 견인 Q. 엔비디아 실적 발표가 'AI 버블 우려'를 일부 해소했다는... ,2025-11-21,Naver,https://n.news.naver.com/mnews/article/374/0000476284?sid=101,배터리
195,"거래소 외국인, 카카오·한국전력 집중 매수… SK하이닉스·삼성전자 차...","한국거래소에 따르면 순매수 강세 종목으로는 카카오, 한국전력, 대덕전자, LG에너지솔루션, 한미반도체, 효성중공업, 삼성전기, 맥쿼리인프라, 현대로템, 삼성SDI, 해성디에스, HD한국조선해양, 한국금융지주, 기아... ",2025-11-21,Naver,https://www.pinpointnews.co.kr/news/articleView.html?idxno=398292,배터리
196,"거래소 기관, SK하이닉스·현대차·셀트리온· 삼성전기 '왕성한 식욕'","순매도 상위 종목에서는 LS ELECTRIC, 두산에너빌리티, 이수페타시스, 대덕전자, LG에너지솔루션, 삼성SDI, 삼성전자, HD현대중공업, 현대로템, 효성중공업, 카카오, 현대건설, HD한국조선해양, 한화에어로스페이스... ",2025-11-21,Naver,https://www.pinpointnews.co.kr/news/articleView.html?idxno=398286,배터리
197,"삼성벤처투자, 신임 대표이사로 이종혁 부사장 내정","[사진=삼성벤처투자] 이종혁 신임 대표이사는 1996년 삼성SDI 기초연구랩(LAB) 책임연구원으로 입사하여 삼성모바일디스플레이 유기발광다이오드(OLED)선행기술팀장, 삼성디스플레이 퀀텀닷(QD)개발팀장 등을 거쳐 현재... ",2025-11-21,Naver,http://www.thevaluenews.co.kr/news/view.php?idx=194181,배터리
198,'기술통' 힘 실은 삼성전자···AI 초격차 확보에 사활,삼성SDI의 체질 개선도 이끌었다. 전 부회장은 삼성SDI 대표이사 사장으로 임명된 뒤 전기차 배터리 위주로 사업을 개편함으로써 회사의 흑자 전환을 이뤄냈다. 실제로 삼성전자 DS부문은 '전영현 체제'에서 괄목한... ,2025-11-21,Naver,https://www.newstopkorea.com/news/articleView.html?idxno=41207,배터리
199,"[단독] 제일엠앤에스, 임직원들 급여 미지급…3개월 밀려",제일엠앤에스는 삼성SDI에 장비를 납품하는 등 파트너사로 승승장구했다. 그리고 지난해 4월 코스닥에 상장했다. 하지만 제출한 감사보고서에서 의견거절을 받는 등 감사의견 비적정설 공시요구를 받고 거래가... ,2025-11-21,Naver,https://www.tleaves.co.kr/news/articleView.html?idxno=8492,배터리
200,韓 ESS 1조 수주전 막 오른다…K-배터리 3사 경쟁 본격화 [소부장박대리...,이 가운데 삼성SDI가 참여한 컨소시엄이 6개 수주를 따냈고 LG에너지솔루션이 2개를 확보했다. SK온은 리튬인산철(LFP) 파우치 배터리를 기반으로 경쟁에 참여했으나 입찰을 따내지 못했다. 당시 삼성SDI는 국내 생산된... ,2025-11-21,Naver,https://n.news.naver.com/mnews/article/138/0002210315?sid=105,배터리
201,"'배터리 막내' SK온, 칼 빼 들었다…2차 ESS 입찰 '정조준'",자존심 구긴 1차 수주…삼성SDI·LG엔솔에 완패 한국전력거래소는 지난 17일 광주 김대중컨벤션센터에서 '2025년도 제2차 ESS 중앙계약시장' 사업자 설명회를 개최했다. 지난 7월 1차 사업 낙찰자가 발표된 데 이어 두... ,2025-11-21,Naver,https://www.insightkorea.co.kr/news/articleView.html?idxno=236006,배터리
202,"삼성벤처투자, 신임 대표에 이종혁 삼성디스플레이 부사장","이종혁 삼성벤처투자 대표이사 부사장 이종혁 신임 대표는 1996년 삼성SDI 기초연구LAB 책임연구원으로 입사해 삼성모바일디스플레이 OLED 선행기술팀장, 삼성디스플레이 퀀텀닷(QD)개발팀장 등을 거치며 기술 기반... ",2025-11-21,Naver,https://www.mediapen.com/news/view/1060123,배터리
203,"삼성벤처투자, 신임 대표이사에 이종혁 삼성디스플레이 부사장 내정","이종혁 신임 대표이사는 1996년 삼성SDI 기초연구LAB 책임연구원으로 입사해 삼성모바일디스플레이 OLED선행기술팀장, 삼성디스플레이 QD개발팀장 등을 거쳐 현재 삼성디스플레이 대형디스플레이사업부장으로 QD-OLED... ",2025-11-21,Naver,https://www.siminilbo.co.kr/news/newsview.php?ncode=1160287761962768,배터리
204,"삼성벤처투자, 신임 대표에 이종혁 삼성디스플레이 부사장 내정","이 부사장은 지난 1996년 삼성SDI 기초연구LAB 책임연구원으로 입사한 후 삼성모바일디스플레이 OLED선행기술팀장, 삼성디스플레이 QD개발팀장 등을 거친 기술 통으로 현재는 삼성디스플레이에서... ",2025-11-21,Naver,https://www.nbntv.co.kr/news/articleView.html?idxno=4013856,배터리
205,'폴더블·HBM' 투톱…노태문·전영현 체제 삼성전자 &quot;기술 중심으로 간다...,박학규 사장은 2020년부터 삼성전자 최고재무책임자(CFO)를 지내며 회사 살림살이를 맡아왔으며 최 사장도 삼성전자 미래전략실 출신의 재무 전문가로 지난해 11월까지 삼성SDI 대표를 역임한 바 있는 인물이다.... ,2025-11-21,Naver,https://www.econovill.com/news/articleView.html?idxno=719322,배터리
206,"삼성벤처투자, 신임 대표이사에 이종혁 부사장 내정","이종혁 신임 대표이사는 1996년 삼성SDI 기초연구LAB 책임연구원으로 입사해 삼성모바일디스플레이 OLED 선행기술팀장, 삼성디스플레이 QD개발팀장, 대형디스플레이사업부장 겸 IT사업팀장 등을 두루 거치며 OLED·QD-OLED... ",2025-11-21,Naver,https://www.thebk.co.kr/news/articleView.html?idxno=304184,배터리
207,"[EBN 오늘(21일) 이슈 종합] 삼성전자, 전영현·노태문, SAIT원장에 박홍...","이 신임 대표이사는 1996년 삼성SDI 기초연구LAB 책임연구원으로 입사해 삼성모바일디스플레이 OLED선행기술팀장, 삼성디스플레이 QD개발팀장 등을 거쳐 현재 삼성디스플레이 대형디스플레이사업부장으로 QD-OLED... ",2025-11-21,Naver,https://www.ebn.co.kr/news/articleView.html?idxno=1687808,배터리
208,"삼성벤처투자, 이종혁 부사장 신임 대표이사 내정","이종혁 신임 대표이사는 1996년 삼성SDI 기초연구LAB 책임연구원으로 입사해 삼성모바일디스플레이 OLED선행기술팀장, 삼성디스플레이 QD개발팀장 등을 역임했다. 현재는 삼성디스플레이... ",2025-11-21,Naver,http://www.ttlnews.com/news/articleView.html?idxno=3052215,배터리
209,삼성벤처투자 신임 대표이사에 이종혁 삼성디스플레이 부사장,이 신임 대표이사는 1996년 삼성SDI 기초연구랩 책임연구원으로 입사해 △삼성모바일디스플레이 유기발광다이오드(OLED)선행기술팀장 △삼성디스플레이 퀀텀닷(QD)개발팀장 등을 거쳐 현재 삼성디스플레이... ,2025-11-21,Naver,https://n.news.naver.com/mnews/article/117/0004010791?sid=103,배터리
210,삼성벤처투자 신임 대표에 이종혁 삼성디스플레이 부사장 내정,"이 신임 대표는 1996년 삼성SDI 기초연구LAB 책임연구원으로 입사해 삼성모바일디스플레이 OLED선행기술팀장, 삼성디스플레이 QD개발팀장 등을 거쳐 현재 삼성디스플레이 대형디스플레이사업부장으로 QD-OLED 사업을... ",2025-11-21,Naver,https://n.news.naver.com/mnews/article/417/0001114670?sid=101,배터리
211,삼성벤처투자 신임 대표에 이종혁 삼성디스플레이 부사장,"이 신임 대표이사는 1996년 삼성SDI 기초연구랩 책임연구원으로 입사해 삼성모바일디스플레이 유기발광다이오드(OLED)선행기술팀장, 삼성디스플레이 퀀텀닷(QD)개발팀장 등을 거쳐 현재 삼성디스플레이... ",2025-11-21,Naver,https://n.news.naver.com/mnews/article/629/0000446095?sid=101,배터리
212,삼성벤처투자 사장에 이종혁 삼성디스플레이 부사장 선임,"이종혁 신임 대표이사는 1996년 삼성SDI 기초연구LAB 책임연구원으로 입사해 삼성모바일디스플레이 OLED선행기술팀장, 삼성디스플레이 QD개발팀장 등을 거쳐 삼성디스플레이 대형디스플레이사업부장으로 QD-OLED 사업을... ",2025-11-21,Naver,https://www.g-enews.com/view.php?ud=2025112111102851326ed0c62d49_1,배터리
213,삼성전자 2인 대표 체제로 경영안정,"이 대표는 1996년 삼성SDI 기초연구LAB 책임연구원으로 입사해 삼성모바일디스플레이 OLED선행기술팀장, 삼성디스플레이 QD개발팀장 등을 거쳐 현재 삼성디스플레이 대형디스플레이사업부장으로 QD-OLED 사업을 총괄했다.",2025-11-21,Naver,https://www.naeil.com/news/read/568444?ref=naver,배터리
214,"삼성벤처투자, 이종혁 신임 대표이사 부사장 내정","이종혁 신임 대표이사는 1996년 삼성SDI 기초연구LAB 책임연구원으로 입사한 후, 삼성모바일디스플레이 OLED선행기술팀장, 삼성디스플레이 QD개발팀장 등을 거치며 QD-OLED 사업을 총괄하는 등 IT 및 전자부품 분야의 기술... ",2025-11-21,Naver,https://www.livesnews.com/news/article.html?no=56979,배터리
215,[삼성전자 세대교체 '속도'] '삼성 이인자' 전격 교체… 깜짝 실적에도...,삼성SDI 대표를 맡은 뒤 경영진단실장으로 이동했다. 경영진단팀장은 주창훈 사업지원TF 부사장이 피플팀장은 문희종 사업지원실TF 부사장이 맡게 됐다. 두 사람 모두 인사 부문에서 경력을 쌓았다.삼성전자 관계자는... ,2025-11-21,Naver,https://economychosun.com/site/data/html_dir/2025/11/14/2025111400020.html,배터리
216,"[인사] 삼성벤처투자, 신임 대표이사 부사장 내정","이종혁 신임 대표이사는 1996년 삼성SDI 기초연구LAB 책임연구원으로 입사한 뒤 삼성모바일디스플레이 OLED 선행기술팀장, 삼성디스플레이 QD 개발팀장 등을 거쳐 현재 삼성디스플레이 대형디스플레이사업부장으로 QD... ",2025-11-21,Naver,https://www.ezyeconomy.com/news/articleView.html?idxno=226325,배터리
217,"테슬라, 391.09달러 1.05% 하락 마감","자동차 및 트럭 제조 업종의 선두 기업인 테슬라는 1조 3,007억 달러(한화 약 1,914조 6,225억 원)에 달하는 시가총액을 유지하며 글로벌 전기차 시장에서의 견고한 위상을 보여주고 있다. 현재 주가 391.09달러는 지난... ",2025-11-22,Naver,https://www.joongangenews.com/news/articleView.html?idxno=468050,전기차
218,[시황 분석] 미국 뉴욕증시 나스닥↑·엔비디아 혼조·테슬라↓ 금리인...,"엔비디아·테슬라·애플·알파벳 등 빅테크의 희비가 엇갈리는 가운데 서학개미 자금은 AI·전기차·레버리지 ETF에서 국채·지수 ETF로 점진적으로 무게중심을 옮기는 모습이었다. 다만, 예탁결제원 통계가 11월... ",2025-11-22,Naver,https://www.topstarnews.net/news/articleView.html?idxno=15882689,전기차
219,"테슬라 1% 하락-루시드 4.95% 급등, 전기차 혼조(상보)",미국증시가 금리 인하 기대로 일제히 랠리했으나 전기차는 테슬라가 하락했지만 리비안과 루시드는 상승하는 등 혼조세를 보였다. 21일(현지 시각) 뉴욕증시에서 테슬라는 1% 하락했다. 이에 비해 리비안은 1.36... ,2025-11-22,Naver,https://n.news.naver.com/mnews/article/421/0008618912?sid=104,전기차
220,뉴욕 연준 총재 &quot;금리인하 여지 있어&quot; 미증시 일제 랠리(상보),"종목별로 전기차는 테슬라가 1% 하락한 데 비해 리비안은 1.36% 상승하는 등 혼조세를 보였다. 반도체주는 엔비디아가 0.97% 하락했지만, 다른 반도체주가 대부분 랠리, 반도체지수는 0.86% 상승, 마감했다. 미국의 유명... ",2025-11-22,Naver,https://n.news.naver.com/mnews/article/421/0008618907?sid=104,전기차
221,[시황 분석] 미국 뉴욕증시 장초반 반등…AI 투자 부담 속 테슬라↑·엔...,"알파벳 A의 주가가 3%를 넘는 상승률을 보이는 가운데, 테슬라도 400달러에 근접한 주가 수준으로 회복을 시도하고 있어, 서학개미 포트폴리오에서 양대 축을 이루는 전기차·플랫폼 기업에 대한 신뢰가 여전히... ",2025-11-21,Naver,https://www.topstarnews.net/news/articleView.html?idxno=15882520,전기차
222,"[영상 차이나로드] 이 정도일줄이야, AI괴물 샤오미車에 현대차 비명 테...",현대차와 테슬라 BYD 등 전통 강호들도 샤오미의 전기차 굴기를 보면서 긴장감을 감추지 못합니다. 샤오미의 2025년 전체 자동차 판매량은 40만대를 넘어설 전망입니다. 올해 판매 목표치 35만대도 11월 23일쯤 앞당겨... ,2025-11-21,Naver,https://www.newspim.com/news/view/20251121000549,전기차
223,"'모빌리티 에어로테크' 에이드로, 시리즈 B 100억원 투자 유치",에이드로 관계자는 &quot;당사 제품은 미적 디자인뿐 아니라 공기저항 저감과 다운포스 증가 등의 기능적 효과로 전기차 전비 효율 향상에도 기여한다&quot;며 &quot;테슬라 모델 Y 바디킷 실험에서는 공기저항 개선으로... ,2025-11-21,Naver,https://n.news.naver.com/mnews/article/008/0005281633?sid=101,전기차
224,"[데일리픽] 모든 암호 털리는 'Q-데이' 임박…로보택시, 빅테크 경쟁체...","[사진: BYD ■ 中 BYD, 하루 평균 20건 특허 승인…글로벌 시장 장악력 강화 중국 전기차 제조업체 BYD가 하루... ■ 테슬라, 美서 첫 외부 소유 슈퍼차저 설치…NACS 확장 신호탄 테슬라가 미국에서 제3자가 소유한 첫... ",2025-11-21,Naver,https://www.digitaltoday.co.kr/news/articleView.html?idxno=606798,전기차
225,글로벌 車 '공급망 탈중국' 액셀 밟지만...“의존도 높아 쉽지 않아”,미국 업체 중에서는 미국을 대표하는 완성차 업체 제너럴모터스(GM)와 일론 머스크가 이끄는 전기차 업체 테슬라가 미국 내 공장 등에서 중국산 부품 배제 드라이브를 걸고 있다. 로이터 통신은 GM이 수천개에 달하는... ,2025-11-21,Naver,https://www.hellot.net/news/article.html?no=107411,전기차
226,"CATL 공동 창립자 황시린, 지분 1% 매각으로 2.39억 달러 '횡재'","이 발전소는 연간 100 GWh의 생산 능력을 갖추어 200만 대의 전기차를 구동할 수 있으며, 각 전기차는 500km 주행 거리를 가질 수 있다. 중국 본토 외 매출은 CATL 전 세계 판매량의 약 30%를 차지하며, 테슬라(Tesla)와... ",2025-11-21,Naver,https://www.g-enews.com/view.php?ud=202511211629316590c8c1c064d_1,전기차
227,[LA 오토쇼 특집] “하이브리드 전성시대·안전기술 상향평준화”,전기차(EV)의 고속 질주가 잠시 멈춘 가운데 하이브리드(HEV)와 플러그인 하이브리드(PHEV)가 다시 전면으로... 테슬라는 주력 모델인 ‘뉴 모델 Y’에 FSD(완전 자율주행) 소프트웨어를 기본 탑재하는 파격적인 정책을... ,2025-11-21,Naver,http://www.koreatimes.com/article/1590048,전기차
228,10월 車수출 감소에도 친환경차 선방…테슬라 수입은 '급증',테슬라는 1~10월에만 4만7962대를 팔며 전년 동기 대비 92.8% 늘어난 판매량을 기록했다. 산업부는 지난 9월 이미 전기차 연간 누적 판매량이 최고치를 기록한 만큼 올해 남은 기간 추가 증가가 이어질 것으로... ,2025-11-21,Naver,https://n.news.naver.com/mnews/article/123/0002372422?sid=101,전기차
229,[월가 톡톡] 머스크 &quot;AI·로봇 덕분에 미래에는 돈이 중요하지 않을 것&quot;,"국제경제부 = 일론 머스크 테슬라(NAS:TSLA) 최고경영자(CEO)는 인공지능(AI)과 로봇의 발전으로 돈이 더 이상... (윤시윤 기자) ◇ 중국 전기차 제조업체, 휴머노이드 로봇 개발 경쟁 박차 샤오펑과 체리자동차 등 중국의... ",2025-11-21,Naver,https://news.einfomax.co.kr/news/articleView.html?idxno=4385129,전기차
230,'IPO 대어' 에식스솔루션즈 출격 대비…'오천피' 불 지피나,"에식스솔루션즈는 전기차 구동모터용 고출력 특수 권선을 생산하고 있으며, 테슬라와 토요타 등 글로벌 전기차 기업을 주요 고객으로 확보하고 있다. 특히 에식스솔루션즈가 제조 중인 변압기용 특수 권선(CTC... ",2025-11-21,Naver,https://www.topdaily.kr/articles/106877,전기차
231,"대전 10중 추돌 사망 사고, 라이더노조 &quot;플랫폼 구조가 만든 필연적 참...",사고는 지난 8일 오후 정지 상태에서 신호를 대기하던 오토바이를 테슬라 전기차가 고속으로 들이받으면서 발생했다. 이후 8대의 차량이 잇따라 추돌하면서 총 15명의 부상과 배달라이더 사망이라는 대형 참사로 이어졌다.... ,2025-11-21,Naver,https://www.newsclaim.co.kr/news/articleView.html?idxno=3051241,전기차
232,테슬라 오너 21% &quot;애플 카플레이 원한다&quot;…UX 개선 요구,애플의 자동차 연동 서비스 카플레이(CarPlay) [사진: 셔터스톡] 테슬라 오너 5명 중 1명이 애플 카플레이를 원하는 것으로 조사됐다. 20일(현지시간) 전기차 전문매체 인사이드EV는 미국 소비자조사기관 스트래티직 비전... ,2025-11-21,Naver,https://www.digitaltoday.co.kr/news/articleView.html?idxno=606791,전기차
233,"제네시스, '럭셔리 전기차' 넘어 고성능 시장으로··· 마그마로 제품...","하지만 테슬라·포르쉐·BMW·메르세데스 등 프리미엄 전기차의 경쟁이 치열해지면서, 단일한 럭셔리 정체성만으로는 지속 성장을 담보하기 어렵다는 지적이 제기돼 왔다. 제네시스는 브랜드 10주년을 맞아 이날 공개한... ",2025-11-21,Naver,https://www.greenpostkorea.co.kr/news/articleView.html?idxno=305085,전기차
234,[지금만나]'테슬라·BYD' 액티브ETF 운용역 &quot;전기차·AI 성장 여력&quot;,"투자자는 성장성이 부각되는 국면에서는 테슬라 비중을, 전기차 보급률과 기초 체력 중심 국면에서는 BYD 비중을 늘리는 식으로 포트폴리오를 조정할 수 있다. 특히 올해 상장한 BYD 밸류체인 ETF에 대해 그는 단순히... ",2025-11-21,Naver,https://n.news.naver.com/mnews/article/031/0000982952?sid=101,전기차
235,"포드, 전기차 충전 더 쉽게 만든다…'플러그앤차지' 기능 대폭 확대",[사진: 포드] 포드가 연말 휴가 시즌을 맞아 전기차 충전을 더욱 간편하게 만든다. 20일(현지시간)... 지난해 테슬라 슈퍼차저 네트워크에도 적용했다. 아이오나는 현재 1110개의 급속 충전기를 운영 중이며... ,2025-11-21,Naver,https://www.digitaltoday.co.kr/news/articleView.html?idxno=606780,전기차
236,"LS, 글로벌 1위 美 권선 기업 '에식스솔루션즈' 기업설명회 개최","아울러 현재 북미, 유럽, 아시아 등 11개국에 생산 거점을 구축한 에식스솔루션즈는 전기차 구동모터용 고출력 특수 권선을 생산하고 있으며 테슬라와 토요타 등 글로벌 전기차 기업을 주요 고객으로 확보하고 있다.... ",2025-11-21,Naver,http://www.bizwnews.com/news/articleView.html?idxno=116299,전기차
237,"테슬라, 콜롬비아 상륙…가성비로 시장 재편 노려","2025년 10월 공개한 저가형 모델3 전기차 [사진: 테슬라] 테슬라가 콜롬비아 전기차 시장에 본격 진입하며 기존 자동차 업계를 강하게 흔들고 있다. 20일(현지시간) 전기차 매체 클린테크니카에 따르면, 테슬라는... ",2025-11-21,Naver,https://www.digitaltoday.co.kr/news/articleView.html?idxno=606773,전기차
238,"삼성전자, 내년 2나노 파운드리 생산능력 2배 이상↑…TSMC 격차 좁힐까","초기 2나노 수요는 테슬라의 인공지능(AI) 반도체 칩, 삼성 시스템LSI의 자체 AP 칩셋 엑시노스 2600... 또한 AI와 HPC, 전기차 등 미래 성장 산업용 반도체 공급망에서도 삼성의 영향력이 확대될 것으로 예상된다. 다만... ",2025-11-21,Naver,https://www.polinews.co.kr/news/articleView.html?idxno=714456,전기차
239,"'10살' 제네시스의 '고성능' 도전… GV60 마그마, 베일 벗었다","실제 글로벌 시장에서 전용 전기차 플랫폼을 기반으로 고성능 모델을 판매하는 브랜드는 테슬라, 포르쉐 등 극소수에 그친다. 제네시스의 경쟁 브랜드로 평가받는 메르세데스-벤츠, BMW, 렉서스 등의 경우 고성능 전기차... ",2025-11-21,Naver,https://n.news.naver.com/mnews/article/119/0003028091?sid=101,전기차
240,"테슬라, 美서 첫 외부 소유 슈퍼차저 설치…NACS 확장 신호탄","20일(현지시간) 전기차 매체 일렉트렉에 따르면, 이번 조치는 테슬라가 충전 인프라 확대 속도를 높이는 동시에 자본 지출을 줄이기 위한 전략의 일환이다. 새 슈퍼차저는 플로리다주 랜드 오레이크스(Land O'Lakes)에... ",2025-11-21,Naver,https://www.digitaltoday.co.kr/news/articleView.html?idxno=606696,전기차
241,[피지컬AI포럼] 리 제이 교수 &quot;피지컬 AI는 미래 산업의 게임체인저&quot;,"(로봇·공장·전기차)를 결합해 완전히 새로운 방식으로 생산성을 향상시킨다. 피지컬 AI는 데이터를 분석하고 학습해 물리적 시스템을 최적화할 수 있다. 가령, 테슬라는 러닝 루프(Learning Loop) 모델로 주행 데이터를... ",2025-11-21,Naver,https://daily.hankooki.com/news/articleView.html?idxno=1299395,전기차
242,"폴스타 CEO 曰, &quot;부산공장 통한 북미 시장 투트랙 확대할 것&quot; [더게이트...","최근 벤츠도 그렇고 포르쉐 등 럭셔리 브랜드에서 한국에서 전기차 SUV 라인업을 강화하고 있고 테슬라, 볼보도 상당한 점유율을 유지하고 있다. 이러한 상황에서 폴스타가 내년에 폴3와 폴5 고가의 전기차를 판매한다고... ",2025-11-21,Naver,https://n.news.naver.com/mnews/article/529/0000074843?sid=103,전기차
243,"美, 전기차 배터리 '공급 과잉' 현실화… 2030년 전 세계 수요 3배 초과...",하나인 테슬라(Tesla)의 판매 감소로 타격을 입었다. 바이든 전 행정부는 중국 공급업체들이 EV 배터리 글로벌 시장 점유율 70%를 보유하고 있는 상황에서 세계 전기차 강국과 경쟁하기 위해 수요를 증대하고 미국... ,2025-11-21,Naver,https://www.g-enews.com/view.php?ud=2025112109400976410c8c1c064d_1,전기차
244,"LS, 에식스솔루션즈 코스피 재상장 추진… &quot;전기차·AI 수요 폭증, 투자...","이 회사는 전기차 구동모터용 고출력 특수 권선과 변압기용 특수 권선을 생산하며, 테슬라·토요타 등 글로벌 완성차 업체를 주요 고객으로 확보하고 있다. 최근 AI 데이터센터 증가와 미국 내 변압기 교체 수요... ",2025-11-21,Naver,https://www.handmk.com/news/articleView.html?idxno=34194,전기차
245,[뉴욕 브리핑] 엔비디아 랠리는 없었다…기술주 투매에 美증시 급락,◇오늘의 특징주 - 월가에서 엔비디아발 기술주 매도세가 다시 출현함에 따라 전기차도 일제히 하락했다. 테슬라는 2.17% 하락한 395.23달러로 장을 마감했다. - 아마존은 미국 미시시피주에 30억달러 규모의... ,2025-11-21,Naver,https://news.dealsitetv.com/articles/161886,전기차
246,"테슬라, AI5 칩 2027년으로 연기…FSD 로드맵 차질","[사진: 셔터스톡] 테슬라의 차세대 자율주행 컴퓨터 AI5의 양산 시점이 2027년 중반으로 연기됐다. 20일(현지시간) 전기차 매체 일렉트렉에 따르면, 이로 인해 2026년 출시 예정인 로보택시 전용 차량... ",2025-11-21,Naver,https://www.digitaltoday.co.kr/news/articleView.html?idxno=606673,전기차
247,&quot;일 안 해도 된다&quot; 머스크가 그리는 AI·로봇 세상,약 4700억 달러(약 650조 원)의 자산을 가진 이 테슬라 CEO는 최근 테슬라를 단순 전기차 회사를 넘어 AI·로보틱스 기반 기업으로 탈바꿈시키는 데 집중해왔다. 테슬라 기업 가치의 80%를 휴머노이드 로봇 '옵티머스... ,2025-11-21,Naver,https://www.fortunekorea.co.kr/news/articleView.html?idxno=50718,전기차
248,마이클 로쉘러 폴스타 CEO “르노 부산공장은 핵심..폴스타5·폴스타3 출...,"최근 메르세데스-벤츠도 그렇고 포르쉐 등 럭셔리 브랜드는 한국시장에서 전기차 SUV 라인업을 강화하고 있고 테슬라, 볼보도 상당한 점유율을 유지하고 있다. 이러한 상황에서 폴스타가 내년에 폴스타 3와 폴스타 5 등... ",2025-11-21,Naver,https://www.dailycar.co.kr/content/news.html?type=view&autoId=59976,전기차
249,"마이클 로쉘러 폴스타 CEO, “부산공장의 전략적 중요성 앞으로도 유지...","폴스타 제공 - 한국 전기차 시장은 최근 벤츠도 그렇고 포르쉐 등 럭셔리 브랜드에서 전기차 SUV 라인업을 강화하고 있고 테슬라, 볼보도 상당한 점유율을 유지하고 있다. 이러한 상황에서 폴스타가 내년에 폴스타3와... ",2025-11-21,Naver,https://n.news.naver.com/mnews/article/396/0000727622?sid=103,전기차
250,`1만대 클럽' 수입차 지형도 재편…친환경차 앞세워 최대 8곳 입성 예고,전기차와 하이브리드차의 약진 속에 테슬라가 3강 구도를 굳혔고 아우디와 포르쉐가 가입 초읽기에 들어갔기 때문이다. 21일 한국수입자동차협회(KAIDA)에 따르면 올해 1월부터 10월까지 누적 등록대수 기준으로... ,2025-11-21,Naver,https://www.gpkorea.com/news/articleView.html?idxno=136459,전기차
251,한계 모르는 고성능 전기차들…'1000마력' 훌쩍 넘었다,전기차 성능 경쟁의 출발점으로는 테슬라를 빼놓을 수 없다. 1000마력 시대를 본격적으로 연 테슬라 '모델 S 플래드'는 여전히 고성능 EV의 대표적 차량이다. 1020마력의 출력과 뛰어난 가속력으로 '가속의 테슬라... ,2025-11-21,Naver,https://www.gpkorea.com/news/articleView.html?idxno=136556,전기차
252,"[르포]저가전쟁 대신 성능으로 승부…제네시스, 프랑스서 '마그마' 분출",테슬라와 BYD를 시작으로 주요 완성차 브랜드들이 전기차 가격을 줄줄이 낮추면서 시장은 단기 수요 확보를 위한 ‘저가 전쟁’에 빠져들고 있다. 하지만 현대차그룹의 럭셔리 브랜드 제네시스는 이 흐름에서 한 발... ,2025-11-21,Naver,https://n.news.naver.com/mnews/article/018/0006169021?sid=103,전기차
253,"테슬라 2.17%-루시드 6.01%, 전기차 일제 하락(상보)","테슬라는 올 들어 2.13% 하락했다. 테슬라가 하락하자 다른 전기차도 일제히 하락했다. 리비안은 0.41% 하락한 14.66달러를, 루시드는 6.01% 급락한 11.72달러를 각각 기록했다.",2025-11-21,Naver,https://n.news.naver.com/mnews/article/421/0008617089?sid=104,전기차
254,&quot;관세타결에 AI모멘텀까지&quot;…현대차 주가 기대 '솔솔',마건우 흥국증권 연구원은 &quot;엔비디아의 그래픽처리장치(GPU) 공급으로 현대차는 선도 전기차 업체인 테슬라에 버금가는 연산능력을 보유할 수 있게 됐다&quot;며 &quot;그간 주행 데이터를 학습할 인프라가 부족하다는 시장의... ,2025-11-21,Naver,https://n.news.naver.com/mnews/article/003/0013613392?sid=101,전기차
